sigma_0.001148105625717566_tau,sigma_0.001148105625717566_strain,sigma_0.001148105625717566_strain_rate,sigma_0.2_tau,sigma_0.2_strain,sigma_0.2_strain_rate
0.00000000e+00,1.00035454e+00,1.68540724e-02,0.00000000e+00,1.06801543e+00,3.60435542e+00
5.00000000e-03,1.00043881e+00,1.68540724e-02,5.00000000e-03,1.08603720e+00,3.60435542e+00
1.00000000e-02,1.00052675e+00,1.75867808e-02,1.00000000e-02,1.10554805e+00,3.90216908e+00
1.50000000e-02,1.00061775e+00,1.82002259e-02,1.50000000e-02,1.12653517e+00,4.19742424e+00
2.00000000e-02,1.00071128e+00,1.87062774e-02,2.00000000e-02,1.14899453e+00,4.49187118e+00
2.50000000e-02,1.00080687e+00,1.91187388e-02,2.50000000e-02,1.17293417e+00,4.78792931e+00
3.00000000e-02,1.00090413e+00,1.94517074e-02,3.00000000e-02,1.19837643e+00,5.08845226e+00
3.50000000e-02,1.00100272e+00,1.97185043e-02,3.50000000e-02,1.22535923e+00,5.39655996e+00
4.00000000e-02,1.00110238e+00,1.99310829e-02,4.00000000e-02,1.25393692e+00,5.71553743e+00
4.50000000e-02,1.00120288e+00,2.00997842e-02,4.50000000e-02,1.28418087e+00,6.04879064e+00
5.00000000e-02,1.00130404e+00,2.02333193e-02,5.00000000e-02,1.31618011e+00,6.39984677e+00
5.50000000e-02,1.00140574e+00,2.03388825e-02,5.50000000e-02,1.35004205e+00,6.77238765e+00
6.00000000e-02,1.00150785e+00,2.04223270e-02,6.00000000e-02,1.38589359e+00,7.17030798e+00
6.50000000e-02,1.00161029e+00,2.04883615e-02,6.50000000e-02,1.42388255e+00,7.59779334e+00
7.00000000e-02,1.00171300e+00,2.05407410e-02,7.00000000e-02,1.46417963e+00,8.05941561e+00
7.50000000e-02,1.00181591e+00,2.05824405e-02,7.50000000e-02,1.50698086e+00,8.56024651e+00
8.00000000e-02,1.00191899e+00,2.06158049e-02,8.00000000e-02,1.55251082e+00,9.10599163e+00
8.50000000e-02,1.00202220e+00,2.06426751e-02,8.50000000e-02,1.60102657e+00,9.70314977e+00
9.00000000e-02,1.00212552e+00,2.06644921e-02,9.00000000e-02,1.65282259e+00,1.03592047e+01
9.50000000e-02,1.00222894e+00,2.06823811e-02,9.50000000e-02,1.70823688e+00,1.10828584e+01
1.00000000e-01,1.00233242e+00,2.06972193e-02,1.00000000e-01,1.76765848e+00,1.18843198e+01
1.05000000e-01,1.00243597e+00,2.07096895e-02,1.05000000e-01,1.83153680e+00,1.27756641e+01
1.10000000e-01,1.00253957e+00,2.07203225e-02,1.10000000e-01,1.90039324e+00,1.37712880e+01
1.15000000e-01,1.00264322e+00,2.07295308e-02,1.15000000e-01,1.97483570e+00,1.48884913e+01
1.20000000e-01,1.00274691e+00,2.07376346e-02,1.20000000e-01,2.05557683e+00,1.61482266e+01
1.25000000e-01,1.00285063e+00,2.07448824e-02,1.25000000e-01,2.14345723e+00,1.75760801e+01
1.30000000e-01,1.00295439e+00,2.07514671e-02,1.30000000e-01,2.23947505e+00,1.92035634e+01
1.35000000e-01,1.00305818e+00,2.07575380e-02,1.35000000e-01,2.34482425e+00,2.10698393e+01
1.40000000e-01,1.00316199e+00,2.07632112e-02,1.40000000e-01,2.46094451e+00,2.32240520e+01
1.45000000e-01,1.00326584e+00,2.07685764e-02,1.45000000e-01,2.58958707e+00,2.57285130e+01
1.50000000e-01,1.00336970e+00,2.07737033e-02,1.50000000e-01,2.73290267e+00,2.86631187e+01
1.55000000e-01,1.00347360e+00,2.07786459e-02,1.55000000e-01,2.89356046e+00,3.21315596e+01
1.60000000e-01,1.00357751e+00,2.07834459e-02,1.60000000e-01,3.07491140e+00,3.62701865e+01
1.65000000e-01,1.00368146e+00,2.07881358e-02,1.65000000e-01,3.28121577e+00,4.12608746e+01
1.70000000e-01,1.00378542e+00,2.07927407e-02,1.70000000e-01,3.51796586e+00,4.73500182e+01
1.75000000e-01,1.00388941e+00,2.07972800e-02,1.75000000e-01,3.79235133e+00,5.48770945e+01
1.80000000e-01,1.00399341e+00,2.08017688e-02,1.80000000e-01,4.11394361e+00,6.43184549e+01
1.85000000e-01,1.00409745e+00,2.08062188e-02,1.85000000e-01,4.49572262e+00,7.63558032e+01
1.90000000e-01,1.00420150e+00,2.08106391e-02,1.90000000e-01,4.95564977e+00,9.19854287e+01
1.95000000e-01,1.00430557e+00,2.08150366e-02,1.95000000e-01,5.51912865e+00,1.12695776e+02
2.00000000e-01,1.00440967e+00,2.08194168e-02,2.00000000e-01,6.22293284e+00,1.40760839e+02
2.05000000e-01,1.00451379e+00,2.08237838e-02,2.05000000e-01,7.12158384e+00,1.79730200e+02
2.10000000e-01,1.00461793e+00,2.08281410e-02,2.10000000e-01,8.29782488e+00,2.35248207e+02
2.15000000e-01,1.00472209e+00,2.08324908e-02,2.15000000e-01,9.87983441e+00,3.16401907e+02
2.20000000e-01,1.00482628e+00,2.08368353e-02,2.20000000e-01,1.20690818e+01,4.37849480e+02
2.25000000e-01,1.00493048e+00,2.08411759e-02,2.25000000e-01,1.51837996e+01,6.22943563e+02
2.30000000e-01,1.00503471e+00,2.08455138e-02,2.30000000e-01,1.97232982e+01,9.07899709e+02
2.35000000e-01,1.00513896e+00,2.08498500e-02,2.35000000e-01,2.64587100e+01,1.34708237e+03
2.40000000e-01,1.00524323e+00,2.08541850e-02,2.40000000e-01,3.65608279e+01,2.02042358e+03
2.45000000e-01,1.00534752e+00,2.08585196e-02,2.45000000e-01,5.17893423e+01,3.04570287e+03
2.50000000e-01,1.00545184e+00,2.08628540e-02,2.50000000e-01,7.47847722e+01,4.59908598e+03
2.55000000e-01,1.00555617e+00,2.08671886e-02,2.55000000e-01,1.09518923e+02,6.94683016e+03
2.60000000e-01,1.00566053e+00,2.08715238e-02,2.60000000e-01,1.61979893e+02,1.04921940e+04
2.65000000e-01,1.00576491e+00,2.08758595e-02,2.65000000e-01,2.41205813e+02,1.58451840e+04
2.70000000e-01,1.00586931e+00,2.08801962e-02,2.70000000e-01,3.60843348e+02,2.39275071e+04
2.75000000e-01,1.00597373e+00,2.08845337e-02,2.75000000e-01,5.41499135e+02,3.61311575e+04
2.80000000e-01,1.00607818e+00,2.08888723e-02,2.80000000e-01,8.14289470e+02,5.45580670e+04
2.85000000e-01,1.00618264e+00,2.08932121e-02,2.85000000e-01,1.22619994e+03,8.23820932e+04
2.90000000e-01,1.00628713e+00,2.08975529e-02,2.90000000e-01,1.84817827e+03,1.24395667e+05
2.95000000e-01,1.00639164e+00,2.09018950e-02,2.95000000e-01,2.78735447e+03,1.87835240e+05
3.00000000e-01,1.00649617e+00,2.09062383e-02,3.00000000e-01,4.20549293e+03,2.83627692e+05
3.05000000e-01,1.00660073e+00,2.09105829e-02,3.05000000e-01,6.34685486e+03,4.28272386e+05
3.10000000e-01,1.00670530e+00,2.09149288e-02,3.10000000e-01,9.58027002e+03,6.46683032e+05
3.15000000e-01,1.00680990e+00,2.09192760e-02,3.15000000e-01,1.44626642e+04,9.76478842e+05
3.20000000e-01,1.00691451e+00,2.09236245e-02,3.20000000e-01,2.18349847e+04,1.47446409e+06
3.25000000e-01,1.00701915e+00,2.09279743e-02,3.25000000e-01,3.29670453e+04,2.22641212e+06
3.30000000e-01,1.00712382e+00,2.09323254e-02,3.30000000e-01,4.97762404e+04,3.36183903e+06
3.35000000e-01,1.00722850e+00,2.09366779e-02,3.35000000e-01,7.51577983e+04,5.07631157e+06
3.40000000e-01,1.00733320e+00,2.09410317e-02,3.40000000e-01,1.13483457e+05,7.66513177e+06
3.45000000e-01,1.00743793e+00,2.09453869e-02,3.45000000e-01,1.71354457e+05,1.15741999e+07
3.50000000e-01,1.00754268e+00,2.09497435e-02,3.50000000e-01,2.58738541e+05,1.74768169e+07
3.55000000e-01,1.00764745e+00,2.09541013e-02,3.55000000e-01,3.90686810e+05,2.63896537e+07
3.60000000e-01,1.00775224e+00,2.09584606e-02,3.60000000e-01,5.89926129e+05,3.98478639e+07
3.65000000e-01,1.00785706e+00,2.09628212e-02,3.65000000e-01,8.90773628e+05,6.01694998e+07
3.70000000e-01,1.00796189e+00,2.09671831e-02,3.70000000e-01,1.34504750e+06,9.08547747e+07
3.75000000e-01,1.00806675e+00,2.09715464e-02,3.75000000e-01,2.03099222e+06,1.37188943e+08
3.80000000e-01,1.00817163e+00,2.09759111e-02,3.80000000e-01,3.06675540e+06,2.07152637e+08
3.85000000e-01,1.00827653e+00,2.09802771e-02,3.85000000e-01,4.63073767e+06,3.12796454e+08
3.90000000e-01,1.00838146e+00,2.09846445e-02,3.90000000e-01,6.99232049e+06,4.72316564e+08
3.95000000e-01,1.00848640e+00,2.09890133e-02,3.95000000e-01,1.05582646e+07,7.13188827e+08
4.00000000e-01,1.00859137e+00,2.09933834e-02,4.00000000e-01,1.59427709e+07,1.07690126e+09
4.05000000e-01,1.00869636e+00,2.09977549e-02,4.05000000e-01,2.40732708e+07,1.62609997e+09
4.10000000e-01,1.00880137e+00,2.10021277e-02,4.10000000e-01,3.63501674e+07,2.45537933e+09
4.15000000e-01,1.00890640e+00,2.10065019e-02,4.15000000e-01,5.48880427e+07,3.70757505e+09
4.20000000e-01,1.00901145e+00,2.10108775e-02,4.20000000e-01,8.28798739e+07,5.59836624e+09
4.25000000e-01,1.00911653e+00,2.10152545e-02,4.25000000e-01,1.25146995e+08,8.45342417e+09
4.30000000e-01,1.00922163e+00,2.10196328e-02,4.30000000e-01,1.88969525e+08,1.27645061e+10
4.35000000e-01,1.00932675e+00,2.10240125e-02,4.35000000e-01,2.85340306e+08,1.92741561e+10
4.40000000e-01,1.00943189e+00,2.10283935e-02,4.40000000e-01,4.30858310e+08,2.91036009e+10
4.45000000e-01,1.00953705e+00,2.10327760e-02,4.45000000e-01,6.50587668e+08,4.39458715e+10
4.50000000e-01,1.00964224e+00,2.10371598e-02,4.50000000e-01,9.82374725e+08,6.63574115e+10
4.55000000e-01,1.00974745e+00,2.10415449e-02,4.55000000e-01,1.48336673e+09,1.00198401e+11
4.60000000e-01,1.00985268e+00,2.10459315e-02,4.60000000e-01,2.23985492e+09,1.51297638e+11
4.65000000e-01,1.00995793e+00,2.10503194e-02,4.65000000e-01,3.38213737e+09,2.28456491e+11
4.70000000e-01,1.01006320e+00,2.10547086e-02,4.70000000e-01,5.10696167e+09,3.44964859e+11
4.75000000e-01,1.01016850e+00,2.10590993e-02,4.75000000e-01,7.71141282e+09,5.20890230e+11
4.80000000e-01,1.01027382e+00,2.10634913e-02,4.80000000e-01,1.16440834e+10,7.86534119e+11
4.85000000e-01,1.01037915e+00,2.10678847e-02,4.85000000e-01,1.75823396e+10,1.18765123e+12
4.90000000e-01,1.01048452e+00,2.10722795e-02,4.90000000e-01,2.65489909e+10,1.79333026e+12
4.95000000e-01,1.01058990e+00,2.10766757e-02,4.95000000e-01,4.00884600e+10,2.70789383e+12
5.00000000e-01,1.01069530e+00,2.10810732e-02,5.00000000e-01,6.05327951e+10,4.08886702e+12
5.05000000e-01,1.01080073e+00,2.10854721e-02,5.05000000e-01,9.14033436e+10,6.17410971e+12
5.10000000e-01,1.01090618e+00,2.10898724e-02,5.10000000e-01,1.38017272e+11,9.32278561e+12
5.15000000e-01,1.01101165e+00,2.10942740e-02,5.15000000e-01,2.08403397e+11,1.40772250e+13
5.20000000e-01,1.01111715e+00,2.10986771e-02,5.20000000e-01,3.14685077e+11,2.12563360e+13
5.25000000e-01,1.01122266e+00,2.11030815e-02,5.25000000e-01,4.75168347e+11,3.20966541e+13
5.30000000e-01,1.01132820e+00,2.11074873e-02,5.30000000e-01,7.17494966e+11,4.84653236e+13
5.35000000e-01,1.01143376e+00,2.11118945e-02,5.35000000e-01,1.08340345e+12,7.31816964e+13
5.40000000e-01,1.01153934e+00,2.11163030e-02,5.40000000e-01,1.63591814e+12,1.10502939e+14
5.45000000e-01,1.01164494e+00,2.11207130e-02,5.45000000e-01,2.47020458e+12,1.66857289e+14
5.50000000e-01,1.01175057e+00,2.11251243e-02,5.50000000e-01,3.72996089e+12,2.51951262e+14
5.55000000e-01,1.01185622e+00,2.11295370e-02,5.55000000e-01,5.63216842e+12,3.80441506e+14
5.60000000e-01,1.01196189e+00,2.11339511e-02,5.60000000e-01,8.50446481e+12,5.74459277e+14
5.65000000e-01,1.01206758e+00,2.11383666e-02,5.65000000e-01,1.28415765e+13,8.67422339e+14
5.70000000e-01,1.01217329e+00,2.11427834e-02,5.70000000e-01,1.93905308e+13,1.30979087e+15
5.75000000e-01,1.01227903e+00,2.11472017e-02,5.75000000e-01,2.92793245e+13,1.97775874e+15
5.80000000e-01,1.01238479e+00,2.11516213e-02,5.80000000e-01,4.42112108e+13,2.98637724e+15
5.85000000e-01,1.01249057e+00,2.11560423e-02,5.85000000e-01,6.67580686e+13,4.50937157e+15
5.90000000e-01,1.01259637e+00,2.11604647e-02,5.90000000e-01,1.00803386e+14,6.80906340e+15
5.95000000e-01,1.01270219e+00,2.11648885e-02,5.95000000e-01,1.52211152e+14,1.02815533e+16
6.00000000e-01,1.01280804e+00,2.11693136e-02,6.00000000e-01,2.29835880e+14,1.55249456e+16
6.05000000e-01,1.01291391e+00,2.11737402e-02,6.05000000e-01,3.47047711e+14,2.34423660e+16
6.10000000e-01,1.01301980e+00,2.11781682e-02,6.10000000e-01,5.24035295e+14,3.53975169e+16
6.15000000e-01,1.01312571e+00,2.11825975e-02,6.15000000e-01,7.91283107e+14,5.34495623e+16
6.20000000e-01,1.01323165e+00,2.11870282e-02,6.20000000e-01,1.19482211e+15,8.07077998e+16
6.25000000e-01,1.01333760e+00,2.11914603e-02,6.25000000e-01,1.80415815e+15,1.21867208e+17
6.30000000e-01,1.01344358e+00,2.11958938e-02,6.30000000e-01,2.72424372e+15,1.84017115e+17
6.35000000e-01,1.01354959e+00,2.12003288e-02,6.35000000e-01,4.11355505e+15,2.77862266e+17
6.40000000e-01,1.01365561e+00,2.12047650e-02,6.40000000e-01,6.21138815e+15,4.19566619e+17
6.45000000e-01,1.01376166e+00,2.12092027e-02,6.45000000e-01,9.37907533e+15,6.33537437e+17
6.50000000e-01,1.01386772e+00,2.12136418e-02,6.50000000e-01,1.41622214e+16,9.56629211e+17
6.55000000e-01,1.01397381e+00,2.12180823e-02,6.55000000e-01,2.13846789e+16,1.44449151e+18
6.60000000e-01,1.01407993e+00,2.12225241e-02,6.60000000e-01,3.22904494e+16,2.18115409e+18
6.65000000e-01,1.01418606e+00,2.12269674e-02,6.65000000e-01,4.87579507e+16,3.29350027e+18
6.70000000e-01,1.01429222e+00,2.12314121e-02,6.70000000e-01,7.36235576e+16,4.97312137e+18
6.75000000e-01,1.01439840e+00,2.12358581e-02,6.75000000e-01,1.11170140e+17,7.50931657e+18
6.80000000e-01,1.01450460e+00,2.12403056e-02,6.80000000e-01,1.67864751e+17,1.13389220e+19
6.85000000e-01,1.01461082e+00,2.12447544e-02,6.85000000e-01,2.53472509e+17,1.71215518e+19
6.90000000e-01,1.01471707e+00,2.12492047e-02,6.90000000e-01,3.82738561e+17,2.58532103e+19
6.95000000e-01,1.01482334e+00,2.12536563e-02,6.95000000e-01,5.77927785e+17,3.90378448e+19
7.00000000e-01,1.01492963e+00,2.12581094e-02,7.00000000e-01,8.72659718e+17,5.89463867e+19
7.05000000e-01,1.01503594e+00,2.12625638e-02,7.05000000e-01,1.31769921e+18,8.90078978e+19
7.10000000e-01,1.01514228e+00,2.12670197e-02,7.10000000e-01,1.98970018e+18,1.34400195e+20
7.15000000e-01,1.01524863e+00,2.12714769e-02,7.15000000e-01,3.00440859e+18,2.02941681e+20
7.20000000e-01,1.01535501e+00,2.12759356e-02,7.20000000e-01,4.53659855e+18,3.06437993e+20
7.25000000e-01,1.01546142e+00,2.12803956e-02,7.25000000e-01,6.85017560e+18,4.62715411e+20
7.30000000e-01,1.01556784e+00,2.12848571e-02,7.30000000e-01,1.03436320e+19,6.98691273e+20
7.35000000e-01,1.01567429e+00,2.12893199e-02,7.35000000e-01,1.56186832e+19,1.05501024e+21
7.40000000e-01,1.01578076e+00,2.12937842e-02,7.40000000e-01,2.35839079e+19,1.59304495e+21
7.45000000e-01,1.01588725e+00,2.12982498e-02,7.45000000e-01,3.56112424e+19,2.40546689e+21
7.50000000e-01,1.01599376e+00,2.13027169e-02,7.50000000e-01,5.37722835e+19,3.63220824e+21
7.55000000e-01,1.01610030e+00,2.13071854e-02,7.55000000e-01,8.11951026e+19,5.48456382e+21
7.60000000e-01,1.01620685e+00,2.13116553e-02,7.60000000e-01,1.22603026e+20,8.28158472e+21
7.65000000e-01,1.01631343e+00,2.13161266e-02,7.65000000e-01,1.85128186e+20,1.25050319e+22
7.70000000e-01,1.01642004e+00,2.13205993e-02,7.70000000e-01,2.79539961e+20,1.88823550e+22
7.75000000e-01,1.01652666e+00,2.13250734e-02,7.75000000e-01,4.22099906e+20,2.85119890e+22
7.80000000e-01,1.01663331e+00,2.13295489e-02,7.80000000e-01,6.37362651e+20,4.30525490e+22
7.85000000e-01,1.01673998e+00,2.13340258e-02,7.85000000e-01,9.62405210e+20,6.50085118e+22
7.90000000e-01,1.01684667e+00,2.13385041e-02,7.90000000e-01,1.45321315e+21,9.81615889e+22
7.95000000e-01,1.01695339e+00,2.13429839e-02,7.95000000e-01,2.19432361e+21,1.48222091e+23
8.00000000e-01,1.01706013e+00,2.13474650e-02,8.00000000e-01,3.31338598e+21,2.23812475e+23
8.05000000e-01,1.01716689e+00,2.13519476e-02,8.05000000e-01,5.00314841e+21,3.37952485e+23
8.10000000e-01,1.01727367e+00,2.13564316e-02,8.10000000e-01,7.55465682e+21,5.10301682e+23
8.15000000e-01,1.01738047e+00,2.13609170e-02,8.15000000e-01,1.14073849e+22,7.70545617e+23
8.20000000e-01,1.01748730e+00,2.13654038e-02,8.20000000e-01,1.72249294e+22,1.16350890e+24
8.25000000e-01,1.01759415e+00,2.13698920e-02,8.25000000e-01,2.60093085e+22,1.75687582e+24
8.30000000e-01,1.01770102e+00,2.13743816e-02,8.30000000e-01,3.92735501e+22,2.65284832e+24
8.35000000e-01,1.01780792e+00,2.13788727e-02,8.35000000e-01,5.93022970e+22,4.00574939e+24
8.40000000e-01,1.01791483e+00,2.13833651e-02,8.40000000e-01,8.95453155e+22,6.04860369e+24
8.45000000e-01,1.01802177e+00,2.13878590e-02,8.45000000e-01,1.35211685e+23,9.13327396e+24
8.50000000e-01,1.01812873e+00,2.13923543e-02,8.50000000e-01,2.04167016e+23,1.37910661e+25
8.55000000e-01,1.01823572e+00,2.13968510e-02,8.55000000e-01,3.08288224e+23,2.08242417e+25
8.60000000e-01,1.01834272e+00,2.14013492e-02,8.60000000e-01,4.65509224e+23,3.14442000e+25
8.65000000e-01,1.01844975e+00,2.14058487e-02,8.65000000e-01,7.02909877e+23,4.74801306e+25
8.70000000e-01,1.01855681e+00,2.14103497e-02,8.70000000e-01,1.06138025e+24,7.16940741e+25
8.75000000e-01,1.01866388e+00,2.14148521e-02,8.75000000e-01,1.60266354e+24,1.08256658e+26
8.80000000e-01,1.01877098e+00,2.14193559e-02,8.80000000e-01,2.41999078e+24,1.63465448e+26
8.85000000e-01,1.01887810e+00,2.14238611e-02,8.85000000e-01,3.65413902e+24,2.46829649e+26
8.90000000e-01,1.01898524e+00,2.14283678e-02,8.90000000e-01,5.51767887e+24,3.72707970e+26
8.95000000e-01,1.01909240e+00,2.14328758e-02,8.95000000e-01,8.33158782e+24,5.62781788e+26
9.00000000e-01,1.01919959e+00,2.14373853e-02,9.00000000e-01,1.25805356e+25,8.49789558e+26
9.05000000e-01,1.01930680e+00,2.14418963e-02,9.05000000e-01,1.89963642e+25,1.28316571e+27
9.10000000e-01,1.01941403e+00,2.14464086e-02,9.10000000e-01,2.86841405e+25,1.93755527e+27
9.15000000e-01,1.01952128e+00,2.14509224e-02,9.15000000e-01,4.33124945e+25,2.92567079e+27
9.20000000e-01,1.01962856e+00,2.14554376e-02,9.20000000e-01,6.54010245e+25,4.41770600e+27
9.25000000e-01,1.01973586e+00,2.14599542e-02,9.25000000e-01,9.87542753e+25,6.67065017e+27
9.30000000e-01,1.01984318e+00,2.14644723e-02,9.30000000e-01,1.49117036e+26,1.00725521e+28
9.35000000e-01,1.01995053e+00,2.14689917e-02,9.35000000e-01,2.25163824e+26,1.52093578e+28
9.40000000e-01,1.02005790e+00,2.14735126e-02,9.40000000e-01,3.39992997e+26,2.29658345e+28
9.45000000e-01,1.02016529e+00,2.14780350e-02,9.45000000e-01,5.13382815e+26,3.46779635e+28
9.50000000e-01,1.02027270e+00,2.14825587e-02,9.50000000e-01,7.75198068e+26,5.23630507e+28
9.55000000e-01,1.02038013e+00,2.14870839e-02,9.55000000e-01,1.17053401e+27,7.90671884e+28
9.60000000e-01,1.02048759e+00,2.14916105e-02,9.60000000e-01,1.76748360e+27,1.19389917e+29
9.65000000e-01,1.02059507e+00,2.14961386e-02,9.65000000e-01,2.66886586e+27,1.80276454e+29
9.70000000e-01,1.02070258e+00,2.15006681e-02,9.70000000e-01,4.02993556e+27,2.72213940e+29
9.75000000e-01,1.02081010e+00,2.15051990e-02,9.75000000e-01,6.08512434e+27,4.11037756e+29
9.80000000e-01,1.02091765e+00,2.15097313e-02,9.80000000e-01,9.18841944e+27,6.20659020e+29
9.85000000e-01,1.02102522e+00,2.15142651e-02,9.85000000e-01,1.38743347e+28,9.37183052e+29
9.90000000e-01,1.02113282e+00,2.15188003e-02,9.90000000e-01,2.09499756e+28,1.41512819e+30
9.95000000e-01,1.02124043e+00,2.15233370e-02,9.95000000e-01,3.16340559e+28,2.13681605e+30
1.00000000e+00,1.02134807e+00,2.15278751e-02,1.00000000e+00,4.77668093e+28,3.22655068e+30
1.00500000e+00,1.02145574e+00,2.15324146e-02,1.00500000e+00,7.21269532e+28,4.87202879e+30
1.01000000e+00,1.02156342e+00,2.15369556e-02,1.01000000e+00,1.08910297e+29,7.35666875e+30
1.01500000e+00,1.02167113e+00,2.15414979e-02,1.01500000e+00,1.64452431e+29,1.11084268e+31
1.02000000e+00,1.02177886e+00,2.15460418e-02,1.02000000e+00,2.48319973e+29,1.67735084e+31
1.02500000e+00,1.02188661e+00,2.15505870e-02,1.02500000e+00,3.74958331e+29,2.53276716e+31
1.03000000e+00,1.02199439e+00,2.15551338e-02,1.03000000e+00,5.66179789e+29,3.82442916e+31
1.03500000e+00,1.02210218e+00,2.15596819e-02,1.03500000e+00,8.54920473e+29,5.77481368e+31
1.04000000e+00,1.02221001e+00,2.15642315e-02,1.04000000e+00,1.29091329e+30,8.71985637e+31
1.04500000e+00,1.02231785e+00,2.15687825e-02,1.04500000e+00,1.94925397e+30,1.31668136e+32
1.05000000e+00,1.02242572e+00,2.15733350e-02,1.05000000e+00,2.94333559e+30,1.98816325e+32
1.05500000e+00,1.02253361e+00,2.15778889e-02,1.05500000e+00,4.44437952e+30,3.00208785e+32
1.06000000e+00,1.02264152e+00,2.15824442e-02,1.06000000e+00,6.71092666e+30,4.53309428e+32
1.06500000e+00,1.02274945e+00,2.15870010e-02,1.06500000e+00,1.01333688e+31,6.84488422e+32
1.07000000e+00,1.02285741e+00,2.15915593e-02,1.07000000e+00,1.53011898e+31,1.03356421e+33
1.07500000e+00,1.02296539e+00,2.15961190e-02,1.07500000e+00,2.31044991e+31,1.56066186e+33
1.08000000e+00,1.02307339e+00,2.16006801e-02,1.08000000e+00,3.48873444e+31,2.35656906e+33
1.08500000e+00,1.02318142e+00,2.16052427e-02,1.08500000e+00,5.26792117e+31,3.55837346e+33
1.09000000e+00,1.02328947e+00,2.16098067e-02,1.09000000e+00,7.95445855e+31,5.37307474e+33
1.09500000e+00,1.02339754e+00,2.16143721e-02,1.09500000e+00,1.20110777e+32,8.11323839e+33
1.10000000e+00,1.02350564e+00,2.16189391e-02,1.10000000e+00,1.81364939e+32,1.22508322e+34
1.10500000e+00,1.02361375e+00,2.16235074e-02,1.10500000e+00,2.73857531e+32,1.84985185e+34
1.11000000e+00,1.02372189e+00,2.16280772e-02,1.11000000e+00,4.13519547e+32,2.79324032e+34
1.11500000e+00,1.02383006e+00,2.16326485e-02,1.11500000e+00,6.24406475e+32,4.21773857e+34
1.12000000e+00,1.02393824e+00,2.16372212e-02,1.12000000e+00,9.42841637e+32,6.36870323e+34
1.12500000e+00,1.02404645e+00,2.16417954e-02,1.12500000e+00,1.42367254e+33,9.61661805e+34
1.13000000e+00,1.02415468e+00,2.16463710e-02,1.13000000e+00,2.14971785e+33,1.45209063e+35
1.13500000e+00,1.02426294e+00,2.16509480e-02,1.13500000e+00,3.24603216e+33,2.19262861e+35
1.14000000e+00,1.02437122e+00,2.16555265e-02,1.14000000e+00,4.90144545e+33,3.31082657e+35
1.14500000e+00,1.02447952e+00,2.16601065e-02,1.14500000e+00,7.40108732e+33,4.99928375e+35
1.15000000e+00,1.02458784e+00,2.16646879e-02,1.15000000e+00,1.11754980e+34,7.54882126e+35
1.15500000e+00,1.02469619e+00,2.16692708e-02,1.15500000e+00,1.68747846e+34,1.13985733e+36
1.16000000e+00,1.02480456e+00,2.16738551e-02,1.16000000e+00,2.54805967e+34,1.72116241e+36
1.16500000e+00,1.02491295e+00,2.16784409e-02,1.16500000e+00,3.84752055e+34,2.59892177e+36
1.17000000e+00,1.02502136e+00,2.16830281e-02,1.17000000e+00,5.80968123e+34,3.92432135e+36
1.17500000e+00,1.02512980e+00,2.16876168e-02,1.17500000e+00,8.77250569e+34,5.92564893e+36
1.18000000e+00,1.02523826e+00,2.16922070e-02,1.18000000e+00,1.32463130e+35,8.94761467e+36
1.18500000e+00,1.02534675e+00,2.16967986e-02,1.18500000e+00,2.00016751e+35,1.35107242e+37
1.19000000e+00,1.02545525e+00,2.17013916e-02,1.19000000e+00,3.02021405e+35,2.04009308e+37
1.19500000e+00,1.02556378e+00,2.17059862e-02,1.19500000e+00,4.56046449e+35,3.08050088e+37
1.20000000e+00,1.02567234e+00,2.17105822e-02,1.20000000e+00,6.88621271e+35,4.65149644e+37
1.20500000e+00,1.02578091e+00,2.17151796e-02,1.20500000e+00,1.03980473e+36,7.02366918e+37
1.21000000e+00,1.02588951e+00,2.17197785e-02,1.21000000e+00,1.57008493e+36,1.06056039e+38
1.21500000e+00,1.02599813e+00,2.17243789e-02,1.21500000e+00,2.37079771e+36,1.60142557e+38
1.22000000e+00,1.02610678e+00,2.17289807e-02,1.22000000e+00,3.57985844e+36,2.41812147e+38
1.22500000e+00,1.02621545e+00,2.17335840e-02,1.22500000e+00,5.40551665e+36,3.65131640e+38
1.23000000e+00,1.02632414e+00,2.17381887e-02,1.23000000e+00,8.16222503e+36,5.51341677e+38
1.23500000e+00,1.02643285e+00,2.17427950e-02,1.23500000e+00,1.23248011e+37,8.32515213e+38
1.24000000e+00,1.02654159e+00,2.17474026e-02,1.24000000e+00,1.86102100e+37,1.25708178e+39
1.24500000e+00,1.02665035e+00,2.17520118e-02,1.24500000e+00,2.81010553e+37,1.89816905e+39
1.25000000e+00,1.02675913e+00,2.17566224e-02,1.25000000e+00,4.24320471e+37,2.86619836e+39
1.25500000e+00,1.02686794e+00,2.17612345e-02,1.25500000e+00,6.40715661e+37,4.32790380e+39
1.26000000e+00,1.02697677e+00,2.17658480e-02,1.26000000e+00,9.67468190e+37,6.53505058e+39
1.26500000e+00,1.02708562e+00,2.17704630e-02,1.26500000e+00,1.46085816e+38,9.86779931e+39
1.27000000e+00,1.02719449e+00,2.17750795e-02,1.27000000e+00,2.20586741e+38,1.49001851e+40
1.27500000e+00,1.02730339e+00,2.17796975e-02,1.27500000e+00,3.33081690e+38,2.24989898e+40
1.28000000e+00,1.02741231e+00,2.17843169e-02,1.28000000e+00,5.02946876e+38,3.39730371e+40
1.28500000e+00,1.02752126e+00,2.17889378e-02,1.28500000e+00,7.59440003e+38,5.12986255e+40
1.29000000e+00,1.02763023e+00,2.17935601e-02,1.29000000e+00,1.14673964e+39,7.74599271e+40
1.29500000e+00,1.02773922e+00,2.17981840e-02,1.29500000e+00,1.73155456e+39,1.16962984e+41
1.30000000e+00,1.02784823e+00,2.18028093e-02,1.30000000e+00,2.61461371e+39,1.76611831e+41
1.30500000e+00,1.02795727e+00,2.18074360e-02,1.30500000e+00,3.94801587e+39,2.66680431e+41
1.31000000e+00,1.02806633e+00,2.18120643e-02,1.31000000e+00,5.96142720e+39,4.02682266e+41
1.31500000e+00,1.02817541e+00,2.18166940e-02,1.31500000e+00,9.00163916e+39,6.08042392e+41
1.32000000e+00,1.02828452e+00,2.18213252e-02,1.32000000e+00,1.35923001e+40,9.18132189e+41
1.32500000e+00,1.02839365e+00,2.18259579e-02,1.32500000e+00,2.05241089e+40,1.38636175e+42
1.33000000e+00,1.02850280e+00,2.18305920e-02,1.33000000e+00,3.09910053e+40,2.09337929e+42
1.33500000e+00,1.02861198e+00,2.18352276e-02,1.33500000e+00,4.67958155e+40,3.16096203e+42
1.34000000e+00,1.02872118e+00,2.18398647e-02,1.34000000e+00,7.06607715e+40,4.77299120e+42
1.34500000e+00,1.02883040e+00,2.18445033e-02,1.34500000e+00,1.06696391e+41,7.20712391e+42
1.35000000e+00,1.02893965e+00,2.18491434e-02,1.35000000e+00,1.61109476e+41,1.08826170e+43
1.35500000e+00,1.02904892e+00,2.18537849e-02,1.35500000e+00,2.43272176e+41,1.64325400e+43
1.36000000e+00,1.02915821e+00,2.18584279e-02,1.36000000e+00,3.67336256e+41,2.48128160e+43
1.36500000e+00,1.02926752e+00,2.18630724e-02,1.36500000e+00,5.54670604e+41,3.74668696e+43
1.37000000e+00,1.02937686e+00,2.18677184e-02,1.37000000e+00,8.37541828e+41,5.65742447e+43
1.37500000e+00,1.02948622e+00,2.18723658e-02,1.37500000e+00,1.26467187e+42,8.54260094e+43
1.38000000e+00,1.02959561e+00,2.18770148e-02,1.38000000e+00,1.90962994e+42,1.28991613e+44
1.38500000e+00,1.02970502e+00,2.18816652e-02,1.38500000e+00,2.88350408e+42,1.94774828e+44
1.39000000e+00,1.02981445e+00,2.18863171e-02,1.39000000e+00,4.35403510e+42,2.94106203e+44
1.39500000e+00,1.02992390e+00,2.18909705e-02,1.39500000e+00,6.57450834e+42,4.44094648e+44
1.40000000e+00,1.03003338e+00,2.18956253e-02,1.40000000e+00,9.92737976e+42,6.70574284e+44
1.40500000e+00,1.03014288e+00,2.19002817e-02,1.40500000e+00,1.49901504e+43,1.01255413e+45
1.41000000e+00,1.03025241e+00,2.19049395e-02,1.41000000e+00,2.26348357e+43,1.52893705e+45
1.41500000e+00,1.03036196e+00,2.19095988e-02,1.41500000e+00,3.41781617e+43,2.30866522e+45
1.42000000e+00,1.03047153e+00,2.19142597e-02,1.42000000e+00,5.16083597e+43,3.48603959e+45
1.42500000e+00,1.03058112e+00,2.19189220e-02,1.42500000e+00,7.79276197e+43,5.26385200e+45
1.43000000e+00,1.03069074e+00,2.19235857e-02,1.43000000e+00,1.17669191e+44,7.94831417e+45
1.43500000e+00,1.03080038e+00,2.19282510e-02,1.43500000e+00,1.77678190e+44,1.20017998e+46
1.44000000e+00,1.03091004e+00,2.19329178e-02,1.44000000e+00,2.68290612e+44,1.81224844e+46
1.44500000e+00,1.03101973e+00,2.19375860e-02,1.44500000e+00,4.05113607e+44,2.73645991e+46
1.45000000e+00,1.03112944e+00,2.19422558e-02,1.45000000e+00,6.11713670e+44,4.13200126e+46
1.45500000e+00,1.03123918e+00,2.19469270e-02,1.45500000e+00,9.23675748e+44,6.23924156e+46
1.46000000e+00,1.03134894e+00,2.19515997e-02,1.46000000e+00,1.39473242e+45,9.42113344e+46
1.46500000e+00,1.03145872e+00,2.19562739e-02,1.46500000e+00,2.10601884e+45,1.42257283e+47
1.47000000e+00,1.03156852e+00,2.19609496e-02,1.47000000e+00,3.18004749e+45,2.14805732e+47
1.47500000e+00,1.03167835e+00,2.19656268e-02,1.47500000e+00,4.80180988e+45,3.24352478e+47
1.48000000e+00,1.03178820e+00,2.19703055e-02,1.48000000e+00,7.25063956e+45,4.89765935e+47
1.48500000e+00,1.03189808e+00,2.19749857e-02,1.48500000e+00,1.09483248e+46,7.39537039e+47
1.49000000e+00,1.03200798e+00,2.19796674e-02,1.49000000e+00,1.65317575e+46,1.11668655e+48
1.49500000e+00,1.03211790e+00,2.19843506e-02,1.49500000e+00,2.49626324e+46,1.68617498e+48
1.50000000e+00,1.03222784e+00,2.19890352e-02,1.50000000e+00,3.76930896e+46,2.54609143e+48
1.50500000e+00,1.03233781e+00,2.19937214e-02,1.50500000e+00,5.69158323e+46,3.84454856e+48
1.51000000e+00,1.03244780e+00,2.19984091e-02,1.51000000e+00,8.59418002e+46,5.80519357e+48
1.51500000e+00,1.03255782e+00,2.20030982e-02,1.51500000e+00,1.29770447e+47,8.76572942e+48
1.52000000e+00,1.03266786e+00,2.20077889e-02,1.52000000e+00,1.95950852e+47,1.32360810e+49
1.52500000e+00,1.03277792e+00,2.20124811e-02,1.52500000e+00,2.95881977e+47,1.99862249e+49
1.53000000e+00,1.03288801e+00,2.20171747e-02,1.53000000e+00,4.46776032e+47,3.01788110e+49
1.53500000e+00,1.03299812e+00,2.20218699e-02,1.53500000e+00,6.74623121e+47,4.55694179e+49
1.54000000e+00,1.03310825e+00,2.20265665e-02,1.54000000e+00,1.01866780e+48,6.88089350e+49
1.54500000e+00,1.03321840e+00,2.20312647e-02,1.54500000e+00,1.53816857e+48,1.03900154e+50
1.55000000e+00,1.03332858e+00,2.20359644e-02,1.55000000e+00,2.32260463e+48,1.56887212e+50
1.55500000e+00,1.03343879e+00,2.20406655e-02,1.55500000e+00,3.50708783e+48,2.36896640e+50
1.56000000e+00,1.03354901e+00,2.20453682e-02,1.56000000e+00,5.29563443e+48,3.57709320e+50
1.56500000e+00,1.03365926e+00,2.20500723e-02,1.56500000e+00,7.99630502e+48,5.40134118e+50
1.57000000e+00,1.03376954e+00,2.20547780e-02,1.57000000e+00,1.20742651e+49,8.15592017e+50
1.57500000e+00,1.03387984e+00,2.20594852e-02,1.57500000e+00,1.82319055e+49,1.23152809e+51
1.58000000e+00,1.03399016e+00,2.20641939e-02,1.58000000e+00,2.75298229e+49,1.85958347e+51
1.58500000e+00,1.03410050e+00,2.20689040e-02,1.58500000e+00,4.15694973e+49,2.80793488e+51
1.59000000e+00,1.03421087e+00,2.20736157e-02,1.59000000e+00,6.27691326e+49,4.23992707e+51
1.59500000e+00,1.03432126e+00,2.20783289e-02,1.59500000e+00,9.47801697e+49,6.40220743e+51
1.60000000e+00,1.03443168e+00,2.20830436e-02,1.60000000e+00,1.43116213e+50,9.66720874e+51
1.60500000e+00,1.03454212e+00,2.20877598e-02,1.60500000e+00,2.16102700e+50,1.45972972e+52
1.61000000e+00,1.03465258e+00,2.20924775e-02,1.61000000e+00,3.26310875e+50,2.20416350e+52
1.61500000e+00,1.03476306e+00,2.20971967e-02,1.61500000e+00,4.92723076e+50,3.32824403e+52
1.62000000e+00,1.03487357e+00,2.21019175e-02,1.62000000e+00,7.44002264e+50,5.02558377e+52
1.62500000e+00,1.03498411e+00,2.21066397e-02,1.62500000e+00,1.12342895e+51,7.58853378e+52
1.63000000e+00,1.03509466e+00,2.21113634e-02,1.63000000e+00,1.69635588e+51,1.14585385e+53
1.63500000e+00,1.03520524e+00,2.21160887e-02,1.63500000e+00,2.56146439e+51,1.73021703e+53
1.64000000e+00,1.03531585e+00,2.21208154e-02,1.64000000e+00,3.86776142e+51,2.61259407e+53
1.64500000e+00,1.03542648e+00,2.21255437e-02,1.64500000e+00,5.84024455e+51,3.94496625e+53
1.65000000e+00,1.03553713e+00,2.21302735e-02,1.65000000e+00,8.81865571e+51,5.95682233e+53
1.65500000e+00,1.03564780e+00,2.21350048e-02,1.65500000e+00,1.33159987e+52,8.99468589e+53
1.66000000e+00,1.03575850e+00,2.21397376e-02,1.66000000e+00,2.01068991e+52,1.35818008e+54
1.66500000e+00,1.03586922e+00,2.21444719e-02,1.66500000e+00,3.03610266e+52,2.05082551e+54
1.67000000e+00,1.03597997e+00,2.21492077e-02,1.67000000e+00,4.58445599e+52,3.09670665e+54
1.67500000e+00,1.03609074e+00,2.21539450e-02,1.67500000e+00,6.92243940e+52,4.67596683e+54
1.68000000e+00,1.03620153e+00,2.21586838e-02,1.68000000e+00,1.04527489e+53,7.06061900e+54
1.68500000e+00,1.03631235e+00,2.21634242e-02,1.68500000e+00,1.57834476e+53,1.06613974e+55
1.69000000e+00,1.03642319e+00,2.21681660e-02,1.69000000e+00,2.38326990e+53,1.60985028e+55
1.69500000e+00,1.03653405e+00,2.21729094e-02,1.69500000e+00,3.59869121e+53,2.43084262e+55
1.70000000e+00,1.03664494e+00,2.21776543e-02,1.70000000e+00,5.43395375e+53,3.67052509e+55
1.70500000e+00,1.03675586e+00,2.21824007e-02,1.70500000e+00,8.20516451e+53,5.54242152e+55
1.71000000e+00,1.03686679e+00,2.21871486e-02,1.71000000e+00,1.23896389e+54,8.36894873e+55
1.71500000e+00,1.03697775e+00,2.21918980e-02,1.71500000e+00,1.87081138e+54,1.26369499e+56
1.72000000e+00,1.03708873e+00,2.21966489e-02,1.72000000e+00,2.82488881e+54,1.90815486e+56
1.72500000e+00,1.03719974e+00,2.22014014e-02,1.72500000e+00,4.26552718e+54,2.88127673e+56
1.73000000e+00,1.03731077e+00,2.22061553e-02,1.73000000e+00,6.44086310e+54,4.35067185e+56
1.73500000e+00,1.03742183e+00,2.22109108e-02,1.73500000e+00,9.72557805e+54,6.56942989e+56
1.74000000e+00,1.03753290e+00,2.22156677e-02,1.74000000e+00,1.46854338e+55,9.91971141e+56
1.74500000e+00,1.03764401e+00,2.22204262e-02,1.74500000e+00,2.21747194e+55,1.49785714e+57
1.75000000e+00,1.03775513e+00,2.22251862e-02,1.75000000e+00,3.34833952e+55,2.26173515e+57
1.75500000e+00,1.03786628e+00,2.22299477e-02,1.75500000e+00,5.05592757e+55,3.41517610e+57
1.76000000e+00,1.03797746e+00,2.22347107e-02,1.76000000e+00,7.63435232e+55,5.15684951e+57
1.76500000e+00,1.03808865e+00,2.22394752e-02,1.76500000e+00,1.15277236e+56,7.78674249e+57
1.77000000e+00,1.03819987e+00,2.22442413e-02,1.77000000e+00,1.74066384e+56,1.17578298e+58
1.77500000e+00,1.03831112e+00,2.22490088e-02,1.77500000e+00,2.62836856e+56,1.77540943e+58
1.78000000e+00,1.03842239e+00,2.22537778e-02,1.78000000e+00,3.96878542e+56,2.68083372e+58
1.78500000e+00,1.03853368e+00,2.22585484e-02,1.78500000e+00,5.99278882e+56,4.04800680e+58
1.79000000e+00,1.03864500e+00,2.22633205e-02,1.79000000e+00,9.04899460e+56,6.11241155e+58
1.79500000e+00,1.03875634e+00,2.22680940e-02,1.79500000e+00,1.36638059e+57,9.22962260e+58
1.80000000e+00,1.03886770e+00,2.22728691e-02,1.80000000e+00,2.06320812e+57,1.39365507e+59
1.80500000e+00,1.03897909e+00,2.22776457e-02,1.80500000e+00,3.11540415e+57,2.10439205e+59
1.81000000e+00,1.03909050e+00,2.22824238e-02,1.81000000e+00,4.70419969e+57,3.17759108e+59
1.81500000e+00,1.03920194e+00,2.22872033e-02,1.81500000e+00,7.10325007e+57,4.79810075e+59
1.82000000e+00,1.03931340e+00,2.22919844e-02,1.82000000e+00,1.07257695e+58,7.24503884e+59
1.82500000e+00,1.03942488e+00,2.22967670e-02,1.82500000e+00,1.61957034e+58,1.09398678e+60
1.83000000e+00,1.03953639e+00,2.23015511e-02,1.83000000e+00,2.44551972e+58,1.65189876e+60
1.83500000e+00,1.03964792e+00,2.23063367e-02,1.83500000e+00,3.69268723e+58,2.49433501e+60
1.84000000e+00,1.03975948e+00,2.23111238e-02,1.84000000e+00,5.57588591e+58,3.76639737e+60
1.84500000e+00,1.03987106e+00,2.23159124e-02,1.84500000e+00,8.41947931e+58,5.68718680e+60
1.85000000e+00,1.03998266e+00,2.23207025e-02,1.85000000e+00,1.27132501e+59,8.58754149e+60
1.85500000e+00,1.04009429e+00,2.23254941e-02,1.85500000e+00,1.91967604e+59,1.29670207e+61
1.86000000e+00,1.04020594e+00,2.23302871e-02,1.86000000e+00,2.89867350e+59,1.95799491e+61
1.86500000e+00,1.04031761e+00,2.23350817e-02,1.86500000e+00,4.37694062e+59,2.95653424e+61
1.87000000e+00,1.04042931e+00,2.23398778e-02,1.87000000e+00,6.60909523e+59,4.46430922e+61
1.87500000e+00,1.04054104e+00,2.23446753e-02,1.87500000e+00,9.97960529e+59,6.74102012e+61
1.88000000e+00,1.04065278e+00,2.23494743e-02,1.88000000e+00,1.50690099e+60,1.01788093e+62
1.88500000e+00,1.04076456e+00,2.23542749e-02,1.88500000e+00,2.27539120e+60,1.53698042e+62
1.89000000e+00,1.04087635e+00,2.23590769e-02,1.89000000e+00,3.43579647e+60,2.32081054e+62
1.89500000e+00,1.04098817e+00,2.23638803e-02,1.89500000e+00,5.18798587e+60,3.50437880e+62
1.90000000e+00,1.04110001e+00,2.23686853e-02,1.90000000e+00,7.83375779e+60,5.29154384e+62
1.90500000e+00,1.04121188e+00,2.23734917e-02,1.90500000e+00,1.18288220e+61,7.99012832e+62
1.91000000e+00,1.04132377e+00,2.23782996e-02,1.91000000e+00,1.78612912e+61,1.20649384e+63
1.91500000e+00,1.04143569e+00,2.23831090e-02,1.91500000e+00,2.69702024e+61,1.82178224e+63
1.92000000e+00,1.04154763e+00,2.23879199e-02,1.92000000e+00,4.07244812e+61,2.75085576e+63
1.92500000e+00,1.04165959e+00,2.23927322e-02,1.92500000e+00,6.14931747e+61,4.15373871e+63
1.93000000e+00,1.04177158e+00,2.23975460e-02,1.93000000e+00,9.28534982e+61,6.27206469e+63
1.93500000e+00,1.04188359e+00,2.24023612e-02,1.93500000e+00,1.40206977e+62,9.47069573e+63
1.94000000e+00,1.04199563e+00,2.24071779e-02,1.94000000e+00,2.11709809e+62,1.43005664e+64
1.94500000e+00,1.04210769e+00,2.24119961e-02,1.94500000e+00,3.19677695e+62,2.15935772e+64
1.95000000e+00,1.04221977e+00,2.24168157e-02,1.95000000e+00,4.82707104e+62,3.26058818e+64
1.95500000e+00,1.04233188e+00,2.24216367e-02,1.95500000e+00,7.28878341e+62,4.92342475e+64
1.96000000e+00,1.04244401e+00,2.24264592e-02,1.96000000e+00,1.10059212e+63,7.43427564e+64
1.96500000e+00,1.04255617e+00,2.24312832e-02,1.96500000e+00,1.66187271e+63,1.12256117e+65
1.97000000e+00,1.04266835e+00,2.24361086e-02,1.97000000e+00,2.50939547e+63,1.69504554e+65
1.97500000e+00,1.04278055e+00,2.24409354e-02,1.97500000e+00,3.78913837e+63,2.55948580e+65
1.98000000e+00,1.04289278e+00,2.24457636e-02,1.98000000e+00,5.72152527e+63,3.86477379e+65
1.98500000e+00,1.04300504e+00,2.24505933e-02,1.98500000e+00,8.63939191e+63,5.83573328e+65
1.99000000e+00,1.04311731e+00,2.24554243e-02,1.99000000e+00,1.30453138e+64,8.81184379e+65
1.99500000e+00,1.04322961e+00,2.24602568e-02,1.99500000e+00,1.96981702e+64,1.33057128e+66
2.00000000e+00,1.04334194e+00,2.24650907e-02,2.00000000e+00,2.97438540e+64,2.00913676e+66
2.00500000e+00,1.04345429e+00,2.24699260e-02,2.00500000e+00,4.49126412e+64,3.03375744e+66
2.01000000e+00,1.04356666e+00,2.24747627e-02,2.01000000e+00,6.78172150e+64,4.58091475e+66
2.01500000e+00,1.04367906e+00,2.24796008e-02,2.01500000e+00,1.02402676e+65,6.91709220e+66
2.02000000e+00,1.04379148e+00,2.24844403e-02,2.02000000e+00,1.54626050e+65,1.04446747e+67
2.02500000e+00,1.04390393e+00,2.24892812e-02,2.02500000e+00,2.33482328e+65,1.57712558e+67
2.03000000e+00,1.04401640e+00,2.24941234e-02,2.03000000e+00,3.52553776e+65,2.38142896e+67
2.03500000e+00,1.04412889e+00,2.24989670e-02,2.03500000e+00,5.32349347e+65,3.59591142e+67
2.04000000e+00,1.04424141e+00,2.25038120e-02,2.04000000e+00,8.03837164e+65,5.42975633e+67
2.04500000e+00,1.04435396e+00,2.25086583e-02,2.04500000e+00,1.21377849e+66,8.19882648e+67
2.05000000e+00,1.04446652e+00,2.25135060e-02,2.05000000e+00,1.83278192e+66,1.23800686e+68
2.05500000e+00,1.04457912e+00,2.25183550e-02,2.05500000e+00,2.76746506e+66,1.86936628e+68
2.06000000e+00,1.04469173e+00,2.25232054e-02,2.06000000e+00,4.17881843e+66,2.82270674e+68
2.06500000e+00,1.04480437e+00,2.25280570e-02,2.06500000e+00,6.30993457e+66,4.26223229e+68
2.07000000e+00,1.04491704e+00,2.25329100e-02,2.07000000e+00,9.52787852e+66,6.43588789e+68
2.07500000e+00,1.04502973e+00,2.25377643e-02,2.07500000e+00,1.43869113e+67,9.71806558e+68
2.08000000e+00,1.04514244e+00,2.25426199e-02,2.08000000e+00,2.17239563e+67,1.46740901e+69
2.08500000e+00,1.04525518e+00,2.25474768e-02,2.08500000e+00,3.28027517e+67,2.21575907e+69
2.09000000e+00,1.04536794e+00,2.25523350e-02,2.09000000e+00,4.95315172e+67,3.34575311e+69
2.09500000e+00,1.04548072e+00,2.25571945e-02,2.09500000e+00,7.47916280e+67,5.05202214e+69
2.10000000e+00,1.04559353e+00,2.25620552e-02,2.10000000e+00,1.12933904e+68,7.62845521e+69
2.10500000e+00,1.04570637e+00,2.25669172e-02,2.10500000e+00,1.70527999e+68,1.15188190e+70
2.11000000e+00,1.04581923e+00,2.25717804e-02,2.11000000e+00,2.57493963e+68,1.73931928e+70
2.11500000e+00,1.04593211e+00,2.25766448e-02,2.11500000e+00,3.88810878e+68,2.62633829e+70
2.12000000e+00,1.04604502e+00,2.25815105e-02,2.12000000e+00,5.87096865e+68,3.96571975e+70
2.12500000e+00,1.04615795e+00,2.25863774e-02,2.12500000e+00,8.86504852e+68,5.98815972e+70
2.13000000e+00,1.04627091e+00,2.25912454e-02,2.13000000e+00,1.33860509e+69,9.04200475e+70
2.13500000e+00,1.04638389e+00,2.25961147e-02,2.13500000e+00,2.02126766e+69,1.36532514e+71
2.14000000e+00,1.04649689e+00,2.26009851e-02,2.14000000e+00,3.05207486e+69,2.06161441e+71
2.14500000e+00,1.04660992e+00,2.26058567e-02,2.14500000e+00,4.60857370e+69,3.11299767e+71
2.15000000e+00,1.04672298e+00,2.26107295e-02,2.15000000e+00,6.95885668e+69,4.70056596e+71
2.15500000e+00,1.04683605e+00,2.26156033e-02,2.15500000e+00,1.05077383e+70,7.09776320e+71
2.16000000e+00,1.04694916e+00,2.26204783e-02,2.16000000e+00,1.58664805e+70,1.07174844e+72
2.16500000e+00,1.04706228e+00,2.26253544e-02,2.16500000e+00,2.39580770e+70,1.61831931e+72
2.17000000e+00,1.04717543e+00,2.26302316e-02,2.17000000e+00,3.61762305e+70,2.44363069e+72
2.17500000e+00,1.04728861e+00,2.26351099e-02,2.17500000e+00,5.46254046e+70,3.68983483e+72
2.18000000e+00,1.04740181e+00,2.26399892e-02,2.18000000e+00,8.24832989e+70,5.57157885e+72
2.18500000e+00,1.04751503e+00,2.26448696e-02,2.18500000e+00,1.24548178e+71,8.41297573e+72
2.19000000e+00,1.04762828e+00,2.26497510e-02,2.19000000e+00,1.88065326e+71,1.27034298e+73
2.19500000e+00,1.04774156e+00,2.26546334e-02,2.19500000e+00,2.83974986e+71,1.91819320e+73
2.20000000e+00,1.04785485e+00,2.26595168e-02,2.20000000e+00,4.28796708e+71,2.89643443e+73
2.20500000e+00,1.04796818e+00,2.26644011e-02,2.20500000e+00,6.47474691e+71,4.37355967e+73
2.21000000e+00,1.04808152e+00,2.26692864e-02,2.21000000e+00,9.77674195e+71,6.60399007e+73
2.21500000e+00,1.04819489e+00,2.26741727e-02,2.21500000e+00,1.47626902e+72,9.97189660e+73
2.22000000e+00,1.04830829e+00,2.26790599e-02,2.22000000e+00,2.22913752e+72,1.50573700e+74
2.22500000e+00,1.04842171e+00,2.26839480e-02,2.22500000e+00,3.36595432e+72,2.27363359e+74
2.23000000e+00,1.04853515e+00,2.26888369e-02,2.23000000e+00,5.08252557e+72,3.43314251e+74
2.23500000e+00,1.04864862e+00,2.26937267e-02,2.23500000e+00,7.67451479e+72,5.18397844e+74
2.24000000e+00,1.04876211e+00,2.26986173e-02,2.24000000e+00,1.15883681e+73,7.82770665e+74
2.24500000e+00,1.04887563e+00,2.27035088e-02,2.24500000e+00,1.74982105e+73,1.18196848e+75
2.25000000e+00,1.04898917e+00,2.27084010e-02,2.25000000e+00,2.64219577e+73,1.78474943e+75
2.25500000e+00,1.04910274e+00,2.27132940e-02,2.25500000e+00,3.98966424e+73,2.69493694e+75
2.26000000e+00,1.04921633e+00,2.27181877e-02,2.26000000e+00,6.02431542e+73,4.06930237e+75
2.26500000e+00,1.04932995e+00,2.27230822e-02,2.26500000e+00,9.09659916e+73,6.14456746e+75
2.27000000e+00,1.04944359e+00,2.27279773e-02,2.27000000e+00,1.37356879e+74,9.27817740e+75
2.27500000e+00,1.04955725e+00,2.27328731e-02,2.27500000e+00,2.07406216e+74,1.40098675e+76
2.28000000e+00,1.04967094e+00,2.27377696e-02,2.28000000e+00,3.13179353e+74,2.11546275e+76
2.28500000e+00,1.04978465e+00,2.27426666e-02,2.28500000e+00,4.72894734e+74,3.19430762e+76
2.29000000e+00,1.04989839e+00,2.27475643e-02,2.29000000e+00,7.14061854e+74,4.82334239e+76
2.29500000e+00,1.05001215e+00,2.27524625e-02,2.29500000e+00,1.07821952e+75,7.28315323e+76
2.30000000e+00,1.05012594e+00,2.27573612e-02,2.30000000e+00,1.62809050e+75,1.09974198e+77
2.30500000e+00,1.05023975e+00,2.27622604e-02,2.30500000e+00,2.45838500e+75,1.66058900e+77
2.31000000e+00,1.05035359e+00,2.27671601e-02,2.31000000e+00,3.71211356e+75,2.50745711e+77
2.31500000e+00,1.05046745e+00,2.27720602e-02,2.31500000e+00,5.60521929e+75,3.78621147e+77
2.32000000e+00,1.05058133e+00,2.27769607e-02,2.32000000e+00,8.46377215e+75,5.71710571e+77
2.32500000e+00,1.05069524e+00,2.27818615e-02,2.32500000e+00,1.27801314e+76,8.63271846e+77
2.33000000e+00,1.05080917e+00,2.27867628e-02,2.33000000e+00,1.92977499e+76,1.30352370e+78
2.33500000e+00,1.05092313e+00,2.27916643e-02,2.33500000e+00,2.91392271e+76,1.96829545e+78
2.34000000e+00,1.05103712e+00,2.27965660e-02,2.34000000e+00,4.39996664e+76,2.97208785e+78
2.34500000e+00,1.05115112e+00,2.28014680e-02,2.34500000e+00,6.64386407e+76,4.48779487e+78
2.35000000e+00,1.05126515e+00,2.28063702e-02,2.35000000e+00,1.00321056e+77,6.77648299e+78
2.35500000e+00,1.05137921e+00,2.28112726e-02,2.35500000e+00,1.51482843e+77,1.02323576e+79
2.36000000e+00,1.05149329e+00,2.28161750e-02,2.36000000e+00,2.28736148e+77,1.54506610e+79
2.36500000e+00,1.05160740e+00,2.28210775e-02,2.36500000e+00,3.45387136e+77,2.33301976e+79
2.37000000e+00,1.05172153e+00,2.28259801e-02,2.37000000e+00,5.21527860e+77,3.52281448e+79
2.37500000e+00,1.05183568e+00,2.28308827e-02,2.37500000e+00,7.87496929e+77,5.31938137e+79
2.38000000e+00,1.05194986e+00,2.28357852e-02,2.38000000e+00,1.18910505e+78,8.03216244e+79
2.38500000e+00,1.05206406e+00,2.28406876e-02,2.38500000e+00,1.79552551e+78,1.21284091e+80
2.39000000e+00,1.05217829e+00,2.28455899e-02,2.39000000e+00,2.71120860e+78,1.83136619e+80
2.39500000e+00,1.05229254e+00,2.28504920e-02,2.39500000e+00,4.09387228e+78,2.76532734e+80
2.40000000e+00,1.05240682e+00,2.28553939e-02,2.40000000e+00,6.18166754e+78,4.17559052e+80
2.40500000e+00,1.05252112e+00,2.28602955e-02,2.40500000e+00,9.33419779e+78,6.30506050e+80
2.41000000e+00,1.05263545e+00,2.28651968e-02,2.41000000e+00,1.40944572e+79,9.52051876e+80
2.41500000e+00,1.05274980e+00,2.28700977e-02,2.41500000e+00,2.12823563e+79,1.43757982e+81
2.42000000e+00,1.05286417e+00,2.28749982e-02,2.42000000e+00,3.21359442e+79,2.17071758e+81
2.42500000e+00,1.05297857e+00,2.28798982e-02,2.42500000e+00,4.85246509e+79,3.27774134e+81
2.43000000e+00,1.05309300e+00,2.28847977e-02,2.43000000e+00,7.32712793e+79,4.94932569e+81
2.43500000e+00,1.05320745e+00,2.28896967e-02,2.43500000e+00,1.10638207e+80,7.47338556e+81
2.44000000e+00,1.05332192e+00,2.28945950e-02,2.44000000e+00,1.67061541e+80,1.12846669e+82
2.44500000e+00,1.05343642e+00,2.28994926e-02,2.44500000e+00,2.52259679e+80,1.70396276e+82
2.45000000e+00,1.05355094e+00,2.29043895e-02,2.45000000e+00,3.80907211e+80,2.57295063e+82
2.45500000e+00,1.05366549e+00,2.29092856e-02,2.45500000e+00,5.75162482e+80,3.88510543e+82
2.46000000e+00,1.05378006e+00,2.29141809e-02,2.46000000e+00,8.68484165e+80,5.86643366e+82
2.46500000e+00,1.05389465e+00,2.29190752e-02,2.46500000e+00,1.31139420e+81,8.85820076e+82
2.47000000e+00,1.05400927e+00,2.29239685e-02,2.47000000e+00,1.98017975e+81,1.33757109e+83
2.47500000e+00,1.05412392e+00,2.29288609e-02,2.47500000e+00,2.99003292e+81,2.01970634e+83
2.48000000e+00,1.05423858e+00,2.29337521e-02,2.48000000e+00,4.51489157e+81,3.04971730e+83
2.48500000e+00,1.05435328e+00,2.29386422e-02,2.48500000e+00,6.81739848e+81,4.60501383e+83
2.49000000e+00,1.05446800e+00,2.29435310e-02,2.49000000e+00,1.02941392e+82,6.95348134e+83
2.49500000e+00,1.05458274e+00,2.29484186e-02,2.49500000e+00,1.55439500e+82,1.04996216e+84
2.50000000e+00,1.05469750e+00,2.29533048e-02,2.50000000e+00,2.34710622e+82,1.58542245e+84
2.50500000e+00,1.05481229e+00,2.29581895e-02,2.50500000e+00,3.54408476e+82,2.39395707e+84
2.51000000e+00,1.05492711e+00,2.29630728e-02,2.51000000e+00,5.35149908e+82,3.61482864e+84
2.51500000e+00,1.05504195e+00,2.29679545e-02,2.51500000e+00,8.08065956e+82,5.45832095e+84
2.52000000e+00,1.05515681e+00,2.29728345e-02,2.52000000e+00,1.22016388e+83,8.24195851e+84
2.52500000e+00,1.05527170e+00,2.29777129e-02,2.52500000e+00,1.84242374e+83,1.24451971e+85
2.53000000e+00,1.05538662e+00,2.29825894e-02,2.53000000e+00,2.78202402e+83,1.87920056e+85
2.53500000e+00,1.05550155e+00,2.29874641e-02,2.53500000e+00,4.20080218e+83,2.83755631e+85
2.54000000e+00,1.05561651e+00,2.29923369e-02,2.54000000e+00,6.34312961e+83,4.28465486e+85
2.54500000e+00,1.05573150e+00,2.29972076e-02,2.54500000e+00,9.57800237e+83,6.46974553e+85
2.55000000e+00,1.05584651e+00,2.30020762e-02,2.55000000e+00,1.44625974e+84,9.76918996e+85
2.55500000e+00,1.05596155e+00,2.30069426e-02,2.55500000e+00,2.18382408e+84,1.47512869e+86
2.56000000e+00,1.05607660e+00,2.30118068e-02,2.56000000e+00,3.29753190e+84,2.22741564e+86
2.56500000e+00,1.05619169e+00,2.30166686e-02,2.56500000e+00,4.97920905e+84,3.36335430e+86
2.57000000e+00,1.05630680e+00,2.30215280e-02,2.57000000e+00,7.51850885e+84,5.07859960e+86
2.57500000e+00,1.05642193e+00,2.30263849e-02,2.57500000e+00,1.13528022e+85,7.66858666e+86
2.58000000e+00,1.05653708e+00,2.30312391e-02,2.58000000e+00,1.71425106e+85,1.15794167e+87
2.58500000e+00,1.05665226e+00,2.30360907e-02,2.58500000e+00,2.58848576e+85,1.74846941e+87
2.59000000e+00,1.05676747e+00,2.30409394e-02,2.59000000e+00,3.90856317e+85,2.64015482e+87
2.59500000e+00,1.05688270e+00,2.30457853e-02,2.59500000e+00,5.90185439e+85,3.98658244e+87
2.60000000e+00,1.05699795e+00,2.30506282e-02,2.60000000e+00,8.91168538e+85,6.01966197e+87
2.60500000e+00,1.05711323e+00,2.30554680e-02,2.60500000e+00,1.34564716e+86,9.08957254e+87
2.61000000e+00,1.05722853e+00,2.30603047e-02,2.61000000e+00,2.03190105e+86,1.37250778e+88
2.61500000e+00,1.05734386e+00,2.30651381e-02,2.61500000e+00,3.06813109e+86,2.07246006e+88
2.62000000e+00,1.05745921e+00,2.30699681e-02,2.62000000e+00,4.63281828e+86,3.12937440e+88
2.62500000e+00,1.05757458e+00,2.30747947e-02,2.62500000e+00,6.99546553e+86,4.72529449e+88
2.63000000e+00,1.05768998e+00,2.30796176e-02,2.63000000e+00,1.05630169e+87,7.13510281e+88
2.63500000e+00,1.05780540e+00,2.30844369e-02,2.63500000e+00,1.59499502e+87,1.07738665e+89
2.64000000e+00,1.05792085e+00,2.30892524e-02,2.64000000e+00,2.40841147e+87,1.62683289e+89
2.64500000e+00,1.05803632e+00,2.30940641e-02,2.64500000e+00,3.63665448e+87,2.45648604e+89
2.65000000e+00,1.05815181e+00,2.30988717e-02,2.65000000e+00,5.49127756e+87,3.70924616e+89
2.65500000e+00,1.05826733e+00,2.31036752e-02,2.65500000e+00,8.29172235e+87,5.60088957e+89
2.66000000e+00,1.05838287e+00,2.31084745e-02,2.66000000e+00,1.25203395e+88,8.45723435e+89
2.66500000e+00,1.05849844e+00,2.31132695e-02,2.66500000e+00,1.89054692e+88,1.27702594e+90
2.67000000e+00,1.05861403e+00,2.31180600e-02,2.67000000e+00,2.85468910e+88,1.92828434e+90
2.67500000e+00,1.05872964e+00,2.31228460e-02,2.67500000e+00,4.31052503e+88,2.91167187e+90
2.68000000e+00,1.05884528e+00,2.31276272e-02,2.68000000e+00,6.50880898e+88,4.39656791e+90
2.68500000e+00,1.05896094e+00,2.31324037e-02,2.68500000e+00,9.82817501e+88,6.63873205e+90
2.69000000e+00,1.05907663e+00,2.31371753e-02,2.69000000e+00,1.48403532e+89,1.00243563e+91
2.69500000e+00,1.05919234e+00,2.31419418e-02,2.69500000e+00,2.24086447e+89,1.51365831e+91
2.70000000e+00,1.05930807e+00,2.31467031e-02,2.70000000e+00,3.38366179e+89,2.28559462e+91
2.70500000e+00,1.05942383e+00,2.31514591e-02,2.70500000e+00,5.10926351e+89,3.45120344e+91
2.71000000e+00,1.05953961e+00,2.31562097e-02,2.71000000e+00,7.71488855e+89,5.21125009e+91
2.71500000e+00,1.05965541e+00,2.31609548e-02,2.71500000e+00,1.16493317e+90,7.86888631e+91
2.72000000e+00,1.05977124e+00,2.31656942e-02,2.72000000e+00,1.75902644e+90,1.18818653e+92
2.72500000e+00,1.05988710e+00,2.31704278e-02,2.72500000e+00,2.65609572e+90,1.79413856e+92
2.73000000e+00,1.06000297e+00,2.31751554e-02,2.73000000e+00,4.01065289e+90,2.70911434e+92
2.73500000e+00,1.06011887e+00,2.31798769e-02,2.73500000e+00,6.05600788e+90,4.09070999e+92
2.74000000e+00,1.06023479e+00,2.31845922e-02,2.74000000e+00,9.14445415e+90,6.17689254e+92
2.74500000e+00,1.06035074e+00,2.31893012e-02,2.74500000e+00,1.38079480e+91,9.32698763e+92
2.75000000e+00,1.06046671e+00,2.31940036e-02,2.75000000e+00,2.08497330e+91,1.40835700e+93
2.75500000e+00,1.06058270e+00,2.31986995e-02,2.75500000e+00,3.14826914e+91,2.12659168e+93
2.76000000e+00,1.06069872e+00,2.32033885e-02,2.76000000e+00,4.75382518e+91,3.21111209e+93
2.76500000e+00,1.06081476e+00,2.32080706e-02,2.76500000e+00,7.17818360e+91,4.84871682e+93
2.77000000e+00,1.06093082e+00,2.32127457e-02,2.77000000e+00,1.08389177e+92,7.32146813e+93
2.77500000e+00,1.06104691e+00,2.32174135e-02,2.77500000e+00,1.63665549e+92,1.10552745e+94
2.78000000e+00,1.06116302e+00,2.32220739e-02,2.78000000e+00,2.47131797e+92,1.66932496e+94
2.78500000e+00,1.06127916e+00,2.32267268e-02,2.78500000e+00,3.73164208e+92,2.52064823e+94
2.79000000e+00,1.06139531e+00,2.32313721e-02,2.79000000e+00,5.63470699e+92,3.80612981e+94
2.79500000e+00,1.06151149e+00,2.32360095e-02,2.79500000e+00,8.50829800e+92,5.74718201e+94
2.80000000e+00,1.06162770e+00,2.32406389e-02,2.80000000e+00,1.28473645e+93,8.67813309e+94
2.80500000e+00,1.06174392e+00,2.32452602e-02,2.80500000e+00,1.93992707e+93,1.31038122e+95
2.81000000e+00,1.06186017e+00,2.32498732e-02,2.81000000e+00,2.92925215e+93,1.97865017e+95
2.81500000e+00,1.06197644e+00,2.32544777e-02,2.81500000e+00,4.42311379e+93,2.98772328e+95
2.82000000e+00,1.06209274e+00,2.32590736e-02,2.82000000e+00,6.67881583e+93,4.51140407e+95
2.82500000e+00,1.06220906e+00,2.32636607e-02,2.82500000e+00,1.00848820e+94,6.81213242e+95
2.83000000e+00,1.06232540e+00,2.32682389e-02,2.83000000e+00,1.52279758e+94,1.02861875e+96
2.83500000e+00,1.06244176e+00,2.32728079e-02,2.83500000e+00,2.29939474e+94,1.55319431e+96
2.84000000e+00,1.06255815e+00,2.32773677e-02,2.84000000e+00,3.47204134e+94,2.34529321e+96
2.84500000e+00,1.06267456e+00,2.32819180e-02,2.84500000e+00,5.24271492e+94,3.54134715e+96
2.85000000e+00,1.06279099e+00,2.32864586e-02,2.85000000e+00,7.91639759e+94,5.34736534e+96
2.85500000e+00,1.06290745e+00,2.32909895e-02,2.85500000e+00,1.19536064e+95,8.07441769e+96
2.86000000e+00,1.06302392e+00,2.32955104e-02,2.86000000e+00,1.80497133e+95,1.21922137e+97
2.86500000e+00,1.06314042e+00,2.33000211e-02,2.86500000e+00,2.72547161e+95,1.84100057e+97
2.87000000e+00,1.06325695e+00,2.33045216e-02,2.87000000e+00,4.11540914e+95,2.77987506e+97
2.87500000e+00,1.06337349e+00,2.33090115e-02,2.87500000e+00,6.21418779e+95,4.19755729e+97
2.88000000e+00,1.06349006e+00,2.33134907e-02,2.88000000e+00,9.38330273e+95,6.33822989e+97
2.88500000e+00,1.06360665e+00,2.33179590e-02,2.88500000e+00,1.41686047e+96,9.57060390e+97
2.89000000e+00,1.06372326e+00,2.33224163e-02,2.89000000e+00,2.13943176e+96,1.44514258e+98
2.89500000e+00,1.06383990e+00,2.33268624e-02,2.89500000e+00,3.23050036e+96,2.18213720e+98
2.90000000e+00,1.06395655e+00,2.33312971e-02,2.90000000e+00,4.87799272e+96,3.29498474e+98
2.90500000e+00,1.06407323e+00,2.33357201e-02,2.90500000e+00,7.36567417e+96,4.97536289e+98
2.91000000e+00,1.06418993e+00,2.33401314e-02,2.91000000e+00,1.11220248e+97,7.51270122e+98
2.91500000e+00,1.06430665e+00,2.33445306e-02,2.91500000e+00,1.67940412e+97,1.13440328e+99
2.92000000e+00,1.06442340e+00,2.33489177e-02,2.92000000e+00,2.53586756e+97,1.71292689e+99
2.92500000e+00,1.06454016e+00,2.33532925e-02,2.92500000e+00,3.82911071e+97,2.58648630e+99
2.93000000e+00,1.06465695e+00,2.33576546e-02,2.93000000e+00,5.78188272e+97,3.90554402e+99
2.93500000e+00,1.06477376e+00,2.33620040e-02,2.93500000e+00,8.73053049e+97,5.89729554e+99
2.94000000e+00,1.06489059e+00,2.33663405e-02,2.94000000e+00,1.31829313e+98,8.90480160e+99
2.94500000e+00,1.06500745e+00,2.33706638e-02,2.94500000e+00,1.99059699e+98,1.34460773e+100
2.95000000e+00,1.06512432e+00,2.33749738e-02,2.95000000e+00,3.00576275e+98,2.03033152e+100
2.95500000e+00,1.06524122e+00,2.33792702e-02,2.95500000e+00,4.53864332e+98,3.06576112e+100
2.96000000e+00,1.06535814e+00,2.33835529e-02,2.96000000e+00,6.85326316e+98,4.62923969e+100
2.96500000e+00,1.06547508e+00,2.33878216e-02,2.96500000e+00,1.03482941e+99,6.99006192e+100
2.97000000e+00,1.06559204e+00,2.33920762e-02,2.97000000e+00,1.56257229e+99,1.05548576e+101
2.97500000e+00,1.06570902e+00,2.33963164e-02,2.97500000e+00,2.35945378e+99,1.59376297e+101
2.98000000e+00,1.06582602e+00,2.34005420e-02,2.98000000e+00,3.56272933e+99,2.40655110e+101
2.98500000e+00,1.06594304e+00,2.34047529e-02,2.98500000e+00,5.37965201e+99,3.63384537e+101
2.99000000e+00,1.06606009e+00,2.34089488e-02,2.99000000e+00,8.12316994e+99,5.48703585e+101
2.99500000e+00,1.06617716e+00,2.34131296e-02,2.99500000e+00,1.22658287e+100,8.28531745e+101
3.00000000e+00,1.06629424e+00,2.34172949e-02,3.00000000e+00,1.85211628e+100,1.25106683e+102
3.00500000e+00,1.06641135e+00,2.34214446e-02,3.00500000e+00,2.79665957e+100,1.88908658e+102
3.01000000e+00,1.06652848e+00,2.34255786e-02,3.01000000e+00,4.22290157e+100,2.85248401e+102
3.01500000e+00,1.06664563e+00,2.34296965e-02,3.01500000e+00,6.37649927e+100,4.30719539e+102
3.02000000e+00,1.06676279e+00,2.34337981e-02,3.02000000e+00,9.62838991e+100,6.50378129e+102
3.02500000e+00,1.06687998e+00,2.34378833e-02,3.02500000e+00,1.45386816e+101,9.82058329e+102
3.03000000e+00,1.06699719e+00,2.34419519e-02,3.03000000e+00,2.19531265e+101,1.48288898e+103
3.03500000e+00,1.06711442e+00,2.34460035e-02,3.03500000e+00,3.31487941e+101,2.23913353e+103
3.04000000e+00,1.06723167e+00,2.34500381e-02,3.04000000e+00,5.00540346e+101,3.38104809e+103
3.04500000e+00,1.06734894e+00,2.34540553e-02,3.04500000e+00,7.55806190e+101,5.10531688e+103
3.05000000e+00,1.06746623e+00,2.34580550e-02,3.05000000e+00,1.14125265e+102,7.70892923e+103
3.05500000e+00,1.06758354e+00,2.34620370e-02,3.05500000e+00,1.72326931e+102,1.16403332e+104
3.06000000e+00,1.06770087e+00,2.34660010e-02,3.06000000e+00,2.60210316e+102,1.75766769e+104
3.06500000e+00,1.06781822e+00,2.34699468e-02,3.06500000e+00,3.92912517e+102,2.65404403e+104
3.07000000e+00,1.06793559e+00,2.34738742e-02,3.07000000e+00,5.93290261e+102,4.00755488e+104
3.07500000e+00,1.06805298e+00,2.34777830e-02,3.07500000e+00,8.95856759e+102,6.05132995e+104
3.08000000e+00,1.06817039e+00,2.34816729e-02,3.08000000e+00,1.35272629e+103,9.13739057e+104
3.08500000e+00,1.06828782e+00,2.34855437e-02,3.08500000e+00,2.04259039e+103,1.37972821e+105
3.09000000e+00,1.06840527e+00,2.34893953e-02,3.09000000e+00,3.08427178e+103,2.08336277e+105
3.09500000e+00,1.06852273e+00,2.34932273e-02,3.09500000e+00,4.65719041e+103,3.14583727e+105
3.10000000e+00,1.06864022e+00,2.34970396e-02,3.10000000e+00,7.03226697e+103,4.75015312e+105
3.10500000e+00,1.06875772e+00,2.35008319e-02,3.10500000e+00,1.06185864e+104,7.17263885e+105
3.11000000e+00,1.06887524e+00,2.35046040e-02,3.11000000e+00,1.60338590e+104,1.08305452e+106
3.11500000e+00,1.06899279e+00,2.35083558e-02,3.11500000e+00,2.42108153e+104,1.63539127e+106
3.12000000e+00,1.06911035e+00,2.35120869e-02,3.12000000e+00,3.65578604e+104,2.46940901e+106
3.12500000e+00,1.06922793e+00,2.35157971e-02,3.12500000e+00,5.52016584e+104,3.72875960e+106
3.13000000e+00,1.06934552e+00,2.35194863e-02,3.13000000e+00,8.33534308e+104,5.63035449e+106
3.13500000e+00,1.06946314e+00,2.35231541e-02,3.13500000e+00,1.25862060e+105,8.50172581e+106
3.14000000e+00,1.06958077e+00,2.35268004e-02,3.14000000e+00,1.90049263e+105,1.28374407e+107
3.14500000e+00,1.06969842e+00,2.35304250e-02,3.14500000e+00,2.86970692e+105,1.93842858e+107
3.15000000e+00,1.06981609e+00,2.35340276e-02,3.15000000e+00,4.33320166e+105,2.92698947e+107
3.15500000e+00,1.06993378e+00,2.35376080e-02,3.15500000e+00,6.54305025e+105,4.41969718e+107
3.16000000e+00,1.07005149e+00,2.35411659e-02,3.16000000e+00,9.87987865e+105,6.67365681e+107
3.16500000e+00,1.07016921e+00,2.35447012e-02,3.16500000e+00,1.49184247e+106,1.00770920e+108
3.17000000e+00,1.07028695e+00,2.35482136e-02,3.17000000e+00,2.25265312e+106,1.52162130e+108
3.17500000e+00,1.07040471e+00,2.35517029e-02,3.17500000e+00,3.40146241e+106,2.29761858e+108
3.18000000e+00,1.07052249e+00,2.35551689e-02,3.18000000e+00,5.13614210e+106,3.46935938e+108
3.18500000e+00,1.07064028e+00,2.35586114e-02,3.18500000e+00,7.75547470e+106,5.23866521e+108
3.19000000e+00,1.07075809e+00,2.35620301e-02,3.19000000e+00,1.17106160e+107,7.91028261e+108
3.19500000e+00,1.07087592e+00,2.35654247e-02,3.19500000e+00,1.76828025e+107,1.19443729e+109
3.20000000e+00,1.07099376e+00,2.35687952e-02,3.20000000e+00,2.67006879e+107,1.80357709e+109
3.20500000e+00,1.07111162e+00,2.35721412e-02,3.20500000e+00,4.03175196e+107,2.72336634e+109
3.21000000e+00,1.07122950e+00,2.35754626e-02,3.21000000e+00,6.08786707e+107,4.11223022e+109
3.21500000e+00,1.07134739e+00,2.35787591e-02,3.21500000e+00,9.19256090e+107,6.20938767e+109
3.22000000e+00,1.07146530e+00,2.35820305e-02,3.22000000e+00,1.38805882e+108,9.37605465e+109
3.22500000e+00,1.07158323e+00,2.35852765e-02,3.22500000e+00,2.09594183e+108,1.41576602e+110
3.23000000e+00,1.07170117e+00,2.35884971e-02,3.23000000e+00,3.16483142e+108,2.13777917e+110
3.23500000e+00,1.07181913e+00,2.35916918e-02,3.23500000e+00,4.77883390e+108,3.22800497e+110
3.24000000e+00,1.07193711e+00,2.35948606e-02,3.24000000e+00,7.21594628e+108,4.87422475e+110
3.24500000e+00,1.07205510e+00,2.35980032e-02,3.24500000e+00,1.08959386e+109,7.35998459e+110
3.25000000e+00,1.07217310e+00,2.36011194e-02,3.25000000e+00,1.64526554e+109,1.11134336e+111
3.25500000e+00,1.07229112e+00,2.36042090e-02,3.25500000e+00,2.48431897e+109,1.67810687e+111
3.26000000e+00,1.07240916e+00,2.36072717e-02,3.26000000e+00,3.75127335e+109,2.53390875e+111
3.26500000e+00,1.07252721e+00,2.36103074e-02,3.26500000e+00,5.66434981e+109,3.82615294e+111
3.27000000e+00,1.07264528e+00,2.36133159e-02,3.27000000e+00,8.55305808e+109,5.77741654e+111
3.27500000e+00,1.07276336e+00,2.36162968e-02,3.27500000e+00,1.29149514e+110,8.72378664e+111
3.28000000e+00,1.07288145e+00,2.36192501e-02,3.28000000e+00,1.95013255e+110,1.31727482e+112
3.28500000e+00,1.07299956e+00,2.36221755e-02,3.28500000e+00,2.94466223e+110,1.98905937e+112
3.29000000e+00,1.07311769e+00,2.36250728e-02,3.29000000e+00,4.44638272e+110,3.00344097e+112
3.29500000e+00,1.07323583e+00,2.36279418e-02,3.29500000e+00,6.71395145e+110,4.53513747e+112
3.30000000e+00,1.07335398e+00,2.36307822e-02,3.30000000e+00,1.01379361e+111,6.84796939e+112
3.30500000e+00,1.07347215e+00,2.36335940e-02,3.30500000e+00,1.53080865e+111,1.03403006e+113
3.31000000e+00,1.07359033e+00,2.36363768e-02,3.31000000e+00,2.31149129e+111,1.56136529e+113
3.31500000e+00,1.07370853e+00,2.36391306e-02,3.31500000e+00,3.49030691e+111,2.35763123e+113
3.32000000e+00,1.07382674e+00,2.36418550e-02,3.32000000e+00,5.27029557e+111,3.55997732e+113
3.32500000e+00,1.07394496e+00,2.36445499e-02,3.32500000e+00,7.95804383e+111,5.37549653e+113
3.33000000e+00,1.07406320e+00,2.36472151e-02,3.33000000e+00,1.20164915e+112,8.11689524e+113
3.33500000e+00,1.07418145e+00,2.36498504e-02,3.33500000e+00,1.81446685e+112,1.22563540e+114
3.34000000e+00,1.07429971e+00,2.36524556e-02,3.34000000e+00,2.73980966e+112,1.85068562e+114
3.34500000e+00,1.07441798e+00,2.36550305e-02,3.34500000e+00,4.13705931e+112,2.79449931e+114
3.35000000e+00,1.07453627e+00,2.36575749e-02,3.35000000e+00,6.24687912e+112,4.21963962e+114
3.35500000e+00,1.07465457e+00,2.36600887e-02,3.35500000e+00,9.43266601e+112,6.37157378e+114
3.36000000e+00,1.07477289e+00,2.36625716e-02,3.36000000e+00,1.42431423e+113,9.62095252e+114
3.36500000e+00,1.07489121e+00,2.36650235e-02,3.36500000e+00,2.15068679e+113,1.45274512e+115
3.37000000e+00,1.07500955e+00,2.36674441e-02,3.37000000e+00,3.24749523e+113,2.19361689e+115
3.37500000e+00,1.07512790e+00,2.36698334e-02,3.37500000e+00,4.90365466e+113,3.31231885e+115
3.38000000e+00,1.07524626e+00,2.36721911e-02,3.38000000e+00,7.40442319e+113,5.00153706e+115
3.38500000e+00,1.07536463e+00,2.36745171e-02,3.38500000e+00,1.11805350e+114,7.55222372e+115
3.39000000e+00,1.07548301e+00,2.36768111e-02,3.39000000e+00,1.68823905e+114,1.14037110e+116
3.39500000e+00,1.07560141e+00,2.36790730e-02,3.39500000e+00,2.54920815e+114,1.72193818e+116
3.40000000e+00,1.07571982e+00,2.36813026e-02,3.40000000e+00,3.84925473e+114,2.60009318e+116
3.40500000e+00,1.07583823e+00,2.36834999e-02,3.40500000e+00,5.81229980e+114,3.92609014e+116
3.41000000e+00,1.07595666e+00,2.36856645e-02,3.41000000e+00,8.77645969e+114,5.92831978e+116
3.41500000e+00,1.07607510e+00,2.36877963e-02,3.41500000e+00,1.32522835e+115,8.95164759e+116
3.42000000e+00,1.07619355e+00,2.36898953e-02,3.42000000e+00,2.00106904e+115,1.35168138e+117
3.42500000e+00,1.07631201e+00,2.36919611e-02,3.42500000e+00,3.02157534e+115,2.04101260e+117
3.43000000e+00,1.07643048e+00,2.36939938e-02,3.43000000e+00,4.56252002e+115,3.08188935e+117
3.43500000e+00,1.07654896e+00,2.36959930e-02,3.43500000e+00,6.88931651e+115,4.65359299e+117
3.44000000e+00,1.07666745e+00,2.36979587e-02,3.44000000e+00,1.04027340e+116,7.02683494e+117
3.44500000e+00,1.07678595e+00,2.36998907e-02,3.44500000e+00,1.57079260e+116,1.06103841e+118
3.45000000e+00,1.07690446e+00,2.37017889e-02,3.45000000e+00,2.37186629e+116,1.60214737e+118
3.45500000e+00,1.07702298e+00,2.37036531e-02,3.45500000e+00,3.58147198e+116,2.41921138e+118
3.46000000e+00,1.07714150e+00,2.37054832e-02,3.46000000e+00,5.40795306e+116,3.65296215e+118
3.46500000e+00,1.07726004e+00,2.37072790e-02,3.46500000e+00,8.16590396e+116,5.51590182e+118
3.47000000e+00,1.07737859e+00,2.37090404e-02,3.47000000e+00,1.23303562e+117,8.32890449e+118
3.47500000e+00,1.07749714e+00,2.37107674e-02,3.47500000e+00,1.86185981e+117,1.25764838e+119
3.48000000e+00,1.07761570e+00,2.37124597e-02,3.48000000e+00,2.81137212e+117,1.89902461e+119
3.48500000e+00,1.07773427e+00,2.37141172e-02,3.48500000e+00,4.24511723e+117,2.86749023e+119
3.49000000e+00,1.07785285e+00,2.37157398e-02,3.49000000e+00,6.41004448e+117,4.32985450e+119
3.49500000e+00,1.07797144e+00,2.37173274e-02,3.49500000e+00,9.67904253e+117,6.53799610e+119
3.50000000e+00,1.07809003e+00,2.37188798e-02,3.50000000e+00,1.46151660e+118,9.87224699e+119
3.50500000e+00,1.07820863e+00,2.37203970e-02,3.50500000e+00,2.20686165e+118,1.49069010e+120
3.51000000e+00,1.07832724e+00,2.37218789e-02,3.51000000e+00,3.33231819e+118,2.25091307e+120
3.51500000e+00,1.07844586e+00,2.37233253e-02,3.51500000e+00,5.03173567e+118,3.39883497e+120
3.52000000e+00,1.07856448e+00,2.37247361e-02,3.52000000e+00,7.59782303e+118,5.13217471e+120
3.52500000e+00,1.07868311e+00,2.37261112e-02,3.52500000e+00,1.14725650e+119,7.74948403e+120
3.53000000e+00,1.07880175e+00,2.37274506e-02,3.53000000e+00,1.73233501e+119,1.17015702e+121
3.53500000e+00,1.07892040e+00,2.37287541e-02,3.53500000e+00,2.61579219e+119,1.76691435e+121
3.54000000e+00,1.07903905e+00,2.37300217e-02,3.54000000e+00,3.94979535e+119,2.66800631e+121
3.54500000e+00,1.07915770e+00,2.37312532e-02,3.54500000e+00,5.96411417e+119,4.02863766e+121
3.55000000e+00,1.07927636e+00,2.37324485e-02,3.55000000e+00,9.00569644e+119,6.08316453e+121
3.55500000e+00,1.07939503e+00,2.37336077e-02,3.55500000e+00,1.35984265e+120,9.18546016e+121
3.56000000e+00,1.07951371e+00,2.37347306e-02,3.56000000e+00,2.05333596e+120,1.38698662e+122
3.56500000e+00,1.07963238e+00,2.37358170e-02,3.56500000e+00,3.10049738e+120,2.09432283e+122
3.57000000e+00,1.07975107e+00,2.37368671e-02,3.57000000e+00,4.68169076e+120,3.16238676e+122
3.57500000e+00,1.07986976e+00,2.37378806e-02,3.57500000e+00,7.06926202e+120,4.77514252e+122
3.58000000e+00,1.07998845e+00,2.37388576e-02,3.58000000e+00,1.06744482e+121,7.21037236e+122
3.58500000e+00,1.08010715e+00,2.37397980e-02,3.58500000e+00,1.61182092e+121,1.08875221e+123
3.59000000e+00,1.08022586e+00,2.37407016e-02,3.59000000e+00,2.43381825e+121,1.64399466e+123
3.59500000e+00,1.08034456e+00,2.37415685e-02,3.59500000e+00,3.67501824e+121,2.48239997e+123
3.60000000e+00,1.08046328e+00,2.37423986e-02,3.60000000e+00,5.54920609e+121,3.74837570e+123
3.60500000e+00,1.08058199e+00,2.37431919e-02,3.60500000e+00,8.37919330e+121,5.65997442e+123
3.61000000e+00,1.08070071e+00,2.37439483e-02,3.61000000e+00,1.26524190e+122,8.54645132e+123
3.61500000e+00,1.08081943e+00,2.37446678e-02,3.61500000e+00,1.91049066e+122,1.29049753e+124
3.62000000e+00,1.08093816e+00,2.37453503e-02,3.62000000e+00,2.88480375e+122,1.94862618e+124
3.62500000e+00,1.08105689e+00,2.37459958e-02,3.62500000e+00,4.35599758e+122,2.94238765e+124
3.63000000e+00,1.08117562e+00,2.37466043e-02,3.63000000e+00,6.57747164e+122,4.44294813e+124
3.63500000e+00,1.08129436e+00,2.37471757e-02,3.63500000e+00,9.93185429e+122,6.70876530e+124
3.64000000e+00,1.08141310e+00,2.37477101e-02,3.64000000e+00,1.49969069e+123,1.01301052e+125
3.64500000e+00,1.08153184e+00,2.37482074e-02,3.64500000e+00,2.26450378e+123,1.52962618e+125
3.65000000e+00,1.08165058e+00,2.37486676e-02,3.65000000e+00,3.41935667e+123,2.30970579e+125
3.65500000e+00,1.08176933e+00,2.37490907e-02,3.65500000e+00,5.16316209e+123,3.48761084e+125
3.66000000e+00,1.08188808e+00,2.37494767e-02,3.66000000e+00,7.79627437e+123,5.26622456e+125
3.66500000e+00,1.08200682e+00,2.37498256e-02,3.66500000e+00,1.17722227e+124,7.95189668e+125
3.67000000e+00,1.08212558e+00,2.37501374e-02,3.67000000e+00,1.77758274e+124,1.20072094e+126
3.67500000e+00,1.08224433e+00,2.37504120e-02,3.67500000e+00,2.68411538e+124,1.81306527e+126
3.68000000e+00,1.08236308e+00,2.37506496e-02,3.68000000e+00,4.05296203e+124,2.73769331e+126
3.68500000e+00,1.08248184e+00,2.37508501e-02,3.68500000e+00,6.11989386e+124,4.13386366e+126
3.69000000e+00,1.08260059e+00,2.37510136e-02,3.69000000e+00,9.24092073e+124,6.24205375e+126
3.69500000e+00,1.08271935e+00,2.37511400e-02,3.69500000e+00,1.39536106e+125,9.42537979e+126
3.70000000e+00,1.08283810e+00,2.37512294e-02,3.70000000e+00,2.10696807e+125,1.42321402e+127
3.70500000e+00,1.08295686e+00,2.37512818e-02,3.70500000e+00,3.18148083e+125,2.14902550e+127
3.71000000e+00,1.08307561e+00,2.37512973e-02,3.71000000e+00,4.80397419e+125,3.24498672e+127
3.71500000e+00,1.08319437e+00,2.37512758e-02,3.71500000e+00,7.25390762e+125,4.89986686e+127
3.72000000e+00,1.08331313e+00,2.37512175e-02,3.72000000e+00,1.09532595e+126,7.39870368e+127
3.72500000e+00,1.08343188e+00,2.37511224e-02,3.72500000e+00,1.65392088e+126,1.11718987e+128
3.73000000e+00,1.08355064e+00,2.37509905e-02,3.73000000e+00,2.49738837e+126,1.68693498e+128
3.73500000e+00,1.08366939e+00,2.37508219e-02,3.73500000e+00,3.77100788e+126,2.54723902e+128
3.74000000e+00,1.08378815e+00,2.37506167e-02,3.74000000e+00,5.69414858e+126,3.84628140e+128
3.74500000e+00,1.08390690e+00,2.37503748e-02,3.74500000e+00,8.59805364e+126,5.80781012e+128
3.75000000e+00,1.08402565e+00,2.37500964e-02,3.75000000e+00,1.29828938e+127,8.76968036e+128
3.75500000e+00,1.08414440e+00,2.37497816e-02,3.75500000e+00,1.96039172e+127,1.32420468e+129
3.76000000e+00,1.08426314e+00,2.37494303e-02,3.76000000e+00,2.96015339e+127,1.99952332e+129
3.76500000e+00,1.08438189e+00,2.37490428e-02,3.76500000e+00,4.46977406e+127,3.01924134e+129
3.77000000e+00,1.08450063e+00,2.37486190e-02,3.77000000e+00,6.74927192e+127,4.55899572e+129
3.77500000e+00,1.08461937e+00,2.37481591e-02,3.77500000e+00,1.01912694e+128,6.88399490e+129
3.78000000e+00,1.08473811e+00,2.37476632e-02,3.78000000e+00,1.53886186e+128,1.03946984e+130
3.78500000e+00,1.08485685e+00,2.37471313e-02,3.78500000e+00,2.32365149e+128,1.56957925e+130
3.79000000e+00,1.08497558e+00,2.37465635e-02,3.79000000e+00,3.50866856e+128,2.37003416e+130
3.79500000e+00,1.08509431e+00,2.37459600e-02,3.79500000e+00,5.29802131e+128,3.57870549e+130
3.80000000e+00,1.08521304e+00,2.37453208e-02,3.80000000e+00,7.99990917e+128,5.40377571e+130
3.80500000e+00,1.08533176e+00,2.37446461e-02,3.80500000e+00,1.20797073e+129,8.15959626e+130
3.81000000e+00,1.08545048e+00,2.37439360e-02,3.81000000e+00,1.82401231e+129,1.23208317e+131
3.81500000e+00,1.08556919e+00,2.37431906e-02,3.81500000e+00,2.75422313e+129,1.86042163e+131
3.82000000e+00,1.08568791e+00,2.37424099e-02,3.82000000e+00,4.15882337e+129,2.80920049e+131
3.82500000e+00,1.08580661e+00,2.37415943e-02,3.82500000e+00,6.27974243e+129,4.24183812e+131
3.83000000e+00,1.08592532e+00,2.37407437e-02,3.83000000e+00,9.48228897e+129,6.40509308e+131
3.83500000e+00,1.08604402e+00,2.37398583e-02,3.83500000e+00,1.43180720e+130,9.67156601e+131
3.84000000e+00,1.08616271e+00,2.37389383e-02,3.84000000e+00,2.16200103e+130,1.46038766e+132
3.84500000e+00,1.08628140e+00,2.37379837e-02,3.84500000e+00,3.26457952e+130,2.20515697e+132
3.85000000e+00,1.08640009e+00,2.37369948e-02,3.85000000e+00,4.92945159e+130,3.32974416e+132
3.85500000e+00,1.08651877e+00,2.37359716e-02,3.85500000e+00,7.44337606e+130,5.02784893e+132
3.86000000e+00,1.08663744e+00,2.37349144e-02,3.86000000e+00,1.12393531e+131,7.59195413e+132
3.86500000e+00,1.08675611e+00,2.37338233e-02,3.86500000e+00,1.69712047e+131,1.14637031e+133
3.87000000e+00,1.08687477e+00,2.37326985e-02,3.87000000e+00,2.56261891e+131,1.73099688e+133
3.87500000e+00,1.08699343e+00,2.37315401e-02,3.87500000e+00,3.86950473e+131,2.61377163e+133
3.88000000e+00,1.08711208e+00,2.37303482e-02,3.88000000e+00,5.84287690e+131,3.94674435e+133
3.88500000e+00,1.08723073e+00,2.37291231e-02,3.88500000e+00,8.82263051e+131,5.95950723e+133
3.89000000e+00,1.08734937e+00,2.37278650e-02,3.89000000e+00,1.33220005e+132,8.99874004e+133
3.89500000e+00,1.08746800e+00,2.37265740e-02,3.89500000e+00,2.01159618e+132,1.35879225e+134
3.90000000e+00,1.08758663e+00,2.37252502e-02,3.90000000e+00,3.03747112e+132,2.05174988e+134
3.90500000e+00,1.08770525e+00,2.37238940e-02,3.90500000e+00,4.58652232e+132,3.09810242e+134
3.91000000e+00,1.08782386e+00,2.37225055e-02,3.91000000e+00,6.92555953e+132,4.67807441e+134
3.91500000e+00,1.08794247e+00,2.37210848e-02,3.91500000e+00,1.04574602e+133,7.06380141e+134
3.92000000e+00,1.08806106e+00,2.37196322e-02,3.92000000e+00,1.57905616e+133,1.06662028e+135
3.92500000e+00,1.08817965e+00,2.37181479e-02,3.92500000e+00,2.38434410e+133,1.61057588e+135
3.93000000e+00,1.08829824e+00,2.37166320e-02,3.93000000e+00,3.60031324e+133,2.43193826e+135
3.93500000e+00,1.08841681e+00,2.37150849e-02,3.93500000e+00,5.43640298e+133,3.67217949e+135
3.94000000e+00,1.08853538e+00,2.37135066e-02,3.94000000e+00,8.20886280e+133,5.54491964e+135
3.94500000e+00,1.08865394e+00,2.37118975e-02,3.94500000e+00,1.23952232e+134,8.37272084e+135
3.95000000e+00,1.08877249e+00,2.37102577e-02,3.95000000e+00,1.87165461e+134,1.26426457e+136
3.95500000e+00,1.08889103e+00,2.37085874e-02,3.95500000e+00,2.82616206e+134,1.90901491e+136
3.96000000e+00,1.08900957e+00,2.37068870e-02,3.96000000e+00,4.26744976e+134,2.88257540e+136
3.96500000e+00,1.08912809e+00,2.37051566e-02,3.96500000e+00,6.44376617e+134,4.35263281e+136
3.97000000e+00,1.08924661e+00,2.37033964e-02,3.97000000e+00,9.72996162e+134,6.57239091e+136
3.97500000e+00,1.08936512e+00,2.37016067e-02,3.97500000e+00,1.46920529e+135,9.92418248e+136
3.98000000e+00,1.08948362e+00,2.36997878e-02,3.98000000e+00,2.21847142e+135,1.49853226e+137
3.98500000e+00,1.08960211e+00,2.36979398e-02,3.98500000e+00,3.34984870e+135,2.26275457e+137
3.99000000e+00,1.08972059e+00,2.36960630e-02,3.99000000e+00,5.05820641e+135,3.41671541e+137
3.99500000e+00,1.08983906e+00,2.36941577e-02,3.99500000e+00,7.63779333e+135,5.15917384e+137
4.00000000e+00,1.08995752e+00,2.36922241e-02,4.00000000e+00,1.15329194e+136,7.79025218e+137
4.00500000e+00,1.09007597e+00,2.36902625e-02,4.00500000e+00,1.74144841e+136,1.17631293e+138
4.01000000e+00,1.09019441e+00,2.36882731e-02,4.01000000e+00,2.62955324e+136,1.77620966e+138
4.01500000e+00,1.09031284e+00,2.36862562e-02,4.01500000e+00,3.97057426e+136,2.68204204e+138
4.02000000e+00,1.09043127e+00,2.36842121e-02,4.02000000e+00,5.99548993e+136,4.04983134e+138
4.02500000e+00,1.09054968e+00,2.36821410e-02,4.02500000e+00,9.05307322e+136,6.11516658e+138
4.03000000e+00,1.09066808e+00,2.36800432e-02,4.03000000e+00,1.36699645e+137,9.23378263e+138
4.03500000e+00,1.09078647e+00,2.36779190e-02,4.03500000e+00,2.06413807e+137,1.39428322e+139
4.04000000e+00,1.09090484e+00,2.36757686e-02,4.04000000e+00,3.11680834e+137,2.10534056e+139
4.04500000e+00,1.09102321e+00,2.36735923e-02,4.04500000e+00,4.70632000e+137,3.17902331e+139
4.05000000e+00,1.09114157e+00,2.36713905e-02,4.05000000e+00,7.10645169e+137,4.80026338e+139
4.05500000e+00,1.09125992e+00,2.36691633e-02,4.05500000e+00,1.07306039e+138,7.24830437e+139
4.06000000e+00,1.09137825e+00,2.36669112e-02,4.06000000e+00,1.62030032e+138,1.09447987e+140
4.06500000e+00,1.09149657e+00,2.36646342e-02,4.06500000e+00,2.44662198e+138,1.65264332e+140
4.07000000e+00,1.09161488e+00,2.36623329e-02,4.07000000e+00,3.69435162e+138,2.49545928e+140
4.07500000e+00,1.09173318e+00,2.36600074e-02,4.07500000e+00,5.57839911e+138,3.76809499e+140
4.08000000e+00,1.09185147e+00,2.36576581e-02,4.08000000e+00,8.42327420e+138,5.68975017e+140
4.08500000e+00,1.09196975e+00,2.36552852e-02,4.08500000e+00,1.27189803e+139,8.59141212e+140
4.09000000e+00,1.09208801e+00,2.36528891e-02,4.09000000e+00,1.92054129e+139,1.29728653e+141
4.09500000e+00,1.09220627e+00,2.36504700e-02,4.09500000e+00,2.89998000e+139,1.95887743e+141
4.10000000e+00,1.09232451e+00,2.36480283e-02,4.10000000e+00,4.37891342e+139,2.95786683e+141
4.10500000e+00,1.09244273e+00,2.36455643e-02,4.10500000e+00,6.61207412e+139,4.46632141e+141
4.11000000e+00,1.09256095e+00,2.36430782e-02,4.11000000e+00,9.98410336e+139,6.74405848e+141
4.11500000e+00,1.09267915e+00,2.36405705e-02,4.11500000e+00,1.50758020e+140,1.01833972e+142
4.12000000e+00,1.09279734e+00,2.36380414e-02,4.12000000e+00,2.27641678e+140,1.53767317e+142
4.12500000e+00,1.09291552e+00,2.36354912e-02,4.12500000e+00,3.43734508e+140,2.32185659e+142
4.13000000e+00,1.09303368e+00,2.36329203e-02,4.13000000e+00,5.19032423e+140,3.50595831e+142
4.13500000e+00,1.09315184e+00,2.36303290e-02,4.13500000e+00,7.83728868e+140,5.29392888e+142
4.14000000e+00,1.09326997e+00,2.36277175e-02,4.14000000e+00,1.18341535e+141,7.99372968e+142
4.14500000e+00,1.09338810e+00,2.36250863e-02,4.14500000e+00,1.78693417e+141,1.20703764e+143
4.15000000e+00,1.09350621e+00,2.36224357e-02,4.15000000e+00,2.69823585e+141,1.82260337e+143
4.15500000e+00,1.09362431e+00,2.36197659e-02,4.15500000e+00,4.07428368e+141,2.75209564e+143
4.16000000e+00,1.09374240e+00,2.36170774e-02,4.16000000e+00,6.15208913e+141,4.15561091e+143
4.16500000e+00,1.09386047e+00,2.36143704e-02,4.16500000e+00,9.28953497e+141,6.27489168e+143
4.17000000e+00,1.09397853e+00,2.36116453e-02,4.17000000e+00,1.40270172e+142,9.47496443e+143
4.17500000e+00,1.09409657e+00,2.36089024e-02,4.17500000e+00,2.11805232e+142,1.43070121e+144
4.18000000e+00,1.09421460e+00,2.36061421e-02,4.18000000e+00,3.19821782e+142,2.16033100e+144
4.18500000e+00,1.09433262e+00,2.36033646e-02,4.18500000e+00,4.82924673e+142,3.26205781e+144
4.19000000e+00,1.09445062e+00,2.36005704e-02,4.19000000e+00,7.29206866e+142,4.92564387e+144
4.19500000e+00,1.09456861e+00,2.35977598e-02,4.19500000e+00,1.10108819e+143,7.43762646e+144
4.20000000e+00,1.09468659e+00,2.35949332e-02,4.20000000e+00,1.66262176e+143,1.12306713e+145
4.20500000e+00,1.09480455e+00,2.35920907e-02,4.20500000e+00,2.51052653e+143,1.69580954e+145
4.21000000e+00,1.09492249e+00,2.35892330e-02,4.21000000e+00,3.79084624e+143,2.56063943e+145
4.21500000e+00,1.09504042e+00,2.35863601e-02,4.21500000e+00,5.72410411e+143,3.86651575e+145
4.22000000e+00,1.09515834e+00,2.35834726e-02,4.22000000e+00,8.64328591e+143,5.83836360e+145
4.22500000e+00,1.09527624e+00,2.35805708e-02,4.22500000e+00,1.30511937e+144,8.81581552e+145
4.23000000e+00,1.09539413e+00,2.35776549e-02,4.23000000e+00,1.97070487e+144,1.33117100e+146
4.23500000e+00,1.09551201e+00,2.35747255e-02,4.23500000e+00,2.97572603e+144,2.01004233e+146
4.24000000e+00,1.09562986e+00,2.35717827e-02,4.24000000e+00,4.49328845e+144,3.03512484e+146
4.24500000e+00,1.09574771e+00,2.35688271e-02,4.24500000e+00,6.78477820e+144,4.58297949e+146
4.25000000e+00,1.09586554e+00,2.35658588e-02,4.25000000e+00,1.02448832e+145,6.92020992e+146
4.25500000e+00,1.09598335e+00,2.35628783e-02,4.25500000e+00,1.54695744e+145,1.04493824e+147
4.26000000e+00,1.09610115e+00,2.35598860e-02,4.26000000e+00,2.33587565e+145,1.57783643e+147
4.26500000e+00,1.09621894e+00,2.35568822e-02,4.26500000e+00,3.52712682e+145,2.38250233e+147
4.27000000e+00,1.09633671e+00,2.35538672e-02,4.27000000e+00,5.32589291e+145,3.59753219e+147
4.27500000e+00,1.09645446e+00,2.35508415e-02,4.27500000e+00,8.04199474e+145,5.43220366e+147
4.28000000e+00,1.09657220e+00,2.35478053e-02,4.28000000e+00,1.21432557e+146,8.20252191e+147
4.28500000e+00,1.09668992e+00,2.35447590e-02,4.28500000e+00,1.83360800e+146,1.23856486e+148
4.29000000e+00,1.09680763e+00,2.35417031e-02,4.29000000e+00,2.76871243e+146,1.87020886e+148
4.29500000e+00,1.09692532e+00,2.35386378e-02,4.29500000e+00,4.18070193e+146,2.82397901e+148
4.30000000e+00,1.09704300e+00,2.35355635e-02,4.30000000e+00,6.31277863e+146,4.26415339e+148
4.30500000e+00,1.09716066e+00,2.35324805e-02,4.30500000e+00,9.53217299e+146,6.43878872e+148
4.31000000e+00,1.09727831e+00,2.35293893e-02,4.31000000e+00,1.43933959e+147,9.72244577e+148
4.31500000e+00,1.09739594e+00,2.35262903e-02,4.31500000e+00,2.17337479e+147,1.46807041e+149
4.32000000e+00,1.09751356e+00,2.35231836e-02,4.32000000e+00,3.28175368e+147,2.21675777e+149
4.32500000e+00,1.09763116e+00,2.35200698e-02,4.32500000e+00,4.95538424e+147,3.34726113e+149
4.33000000e+00,1.09774874e+00,2.35169492e-02,4.33000000e+00,7.48253385e+147,5.05429922e+149
4.33500000e+00,1.09786631e+00,2.35138221e-02,4.33500000e+00,1.12984806e+148,7.63189356e+149
4.34000000e+00,1.09798387e+00,2.35106889e-02,4.34000000e+00,1.70604861e+148,1.15240109e+150
4.34500000e+00,1.09810140e+00,2.35075499e-02,4.34500000e+00,2.57610022e+148,1.74010324e+150
4.35000000e+00,1.09821893e+00,2.35044056e-02,4.35000000e+00,3.88986125e+148,2.62752205e+150
4.35500000e+00,1.09833643e+00,2.35012563e-02,4.35500000e+00,5.87361486e+148,3.96750721e+150
4.36000000e+00,1.09845392e+00,2.34981024e-02,4.36000000e+00,8.86904423e+148,5.99085874e+150
4.36500000e+00,1.09857140e+00,2.34949441e-02,4.36500000e+00,1.33920843e+149,9.04608022e+150
4.37000000e+00,1.09868886e+00,2.34917820e-02,4.37000000e+00,2.02217870e+149,1.36594052e+151
4.37500000e+00,1.09880630e+00,2.34886162e-02,4.37500000e+00,3.05345051e+149,2.06254363e+151
4.38000000e+00,1.09892373e+00,2.34854473e-02,4.38000000e+00,4.61065090e+149,3.11440078e+151
4.38500000e+00,1.09904114e+00,2.34822755e-02,4.38500000e+00,6.96199322e+149,4.70268463e+151
4.39000000e+00,1.09915853e+00,2.34791012e-02,4.39000000e+00,1.05124744e+150,7.10096235e+151
4.39500000e+00,1.09927591e+00,2.34759248e-02,4.39500000e+00,1.58736319e+150,1.07223151e+152
4.40000000e+00,1.09939328e+00,2.34727466e-02,4.40000000e+00,2.39688756e+150,1.61904873e+152
4.40500000e+00,1.09951063e+00,2.34695669e-02,4.40500000e+00,3.61925361e+150,2.44473210e+152
4.41000000e+00,1.09962796e+00,2.34663863e-02,4.41000000e+00,5.46500258e+150,3.69149794e+152
4.41500000e+00,1.09974527e+00,2.34632049e-02,4.41500000e+00,8.25204763e+150,5.57409011e+152
4.42000000e+00,1.09986257e+00,2.34600232e-02,4.42000000e+00,1.24604315e+151,8.41676769e+152
4.42500000e+00,1.09997986e+00,2.34568414e-02,4.42500000e+00,1.88150093e+151,1.27091556e+153
4.43000000e+00,1.10009713e+00,2.34536601e-02,4.43000000e+00,2.84102981e+151,1.91905778e+153
4.43500000e+00,1.10021438e+00,2.34504794e-02,4.43500000e+00,4.28989978e+151,2.89773993e+153
4.44000000e+00,1.10033161e+00,2.34472998e-02,4.44000000e+00,6.47766525e+151,4.37553095e+153
4.44500000e+00,1.10044884e+00,2.34441216e-02,4.44500000e+00,9.78114859e+151,6.60696666e+153
4.45000000e+00,1.10056604e+00,2.34409452e-02,4.45000000e+00,1.47693442e+152,9.97639120e+153
4.45500000e+00,1.10068323e+00,2.34377708e-02,4.45500000e+00,2.23014225e+152,1.50641567e+154
4.46000000e+00,1.10080040e+00,2.34345990e-02,4.46000000e+00,3.36747144e+152,2.27465838e+154
4.46500000e+00,1.10091756e+00,2.34314299e-02,4.46500000e+00,5.08481640e+152,3.43468992e+154
4.47000000e+00,1.10103470e+00,2.34282639e-02,4.47000000e+00,7.67797390e+152,5.18631500e+154
4.47500000e+00,1.10115183e+00,2.34251015e-02,4.47500000e+00,1.15935913e+153,7.83123480e+154
4.48000000e+00,1.10126894e+00,2.34219429e-02,4.48000000e+00,1.75060974e+153,1.18250123e+155
4.48500000e+00,1.10138603e+00,2.34187884e-02,4.48500000e+00,2.64338668e+153,1.78555386e+155
4.49000000e+00,1.10150311e+00,2.34156385e-02,4.49000000e+00,3.99146248e+153,2.69615162e+155
4.49500000e+00,1.10162017e+00,2.34124934e-02,4.49500000e+00,6.02703074e+153,4.07113652e+155
4.50000000e+00,1.10173722e+00,2.34093535e-02,4.50000000e+00,9.10069924e+153,6.14733698e+155
4.50500000e+00,1.10185425e+00,2.34062191e-02,4.50500000e+00,1.37418789e+154,9.28235932e+155
4.51000000e+00,1.10197126e+00,2.34030906e-02,4.51000000e+00,2.07499699e+154,1.40161821e+156
4.51500000e+00,1.10208826e+00,2.33999683e-02,4.51500000e+00,3.13320512e+154,2.11641624e+156
4.52000000e+00,1.10220525e+00,2.33968524e-02,4.52000000e+00,4.73107880e+154,3.19574738e+156
4.52500000e+00,1.10232222e+00,2.33937434e-02,4.52500000e+00,7.14383700e+154,4.82551640e+156
4.53000000e+00,1.10243917e+00,2.33906416e-02,4.53000000e+00,1.07870550e+155,7.28643594e+156
4.53500000e+00,1.10255611e+00,2.33875473e-02,4.53500000e+00,1.62882433e+155,1.10023766e+157
4.54000000e+00,1.10267303e+00,2.33844608e-02,4.54000000e+00,2.45949306e+155,1.66133747e+157
4.54500000e+00,1.10278994e+00,2.33813824e-02,4.54500000e+00,3.71378671e+155,2.50858728e+157
4.55000000e+00,1.10290683e+00,2.33783125e-02,4.55000000e+00,5.60774572e+155,3.78791802e+157
4.55500000e+00,1.10302370e+00,2.33752514e-02,4.55500000e+00,8.46758700e+155,5.71968256e+157
4.56000000e+00,1.10314057e+00,2.33721993e-02,4.56000000e+00,1.27858917e+156,8.63660946e+157
4.56500000e+00,1.10325741e+00,2.33691567e-02,4.56500000e+00,1.93064479e+156,1.30411124e+158
4.57000000e+00,1.10337424e+00,2.33661238e-02,4.57000000e+00,2.91523609e+156,1.96918261e+158
4.57500000e+00,1.10349106e+00,2.33631009e-02,4.57500000e+00,4.40194982e+156,2.97342745e+158
4.58000000e+00,1.10360786e+00,2.33600883e-02,4.58000000e+00,6.64685864e+156,4.48981764e+158
4.58500000e+00,1.10372464e+00,2.33570865e-02,4.58500000e+00,1.00366273e+157,6.77953733e+158
4.59000000e+00,1.10384141e+00,2.33540955e-02,4.59000000e+00,1.51551121e+157,1.02369696e+159
4.59500000e+00,1.10395817e+00,2.33511158e-02,4.59500000e+00,2.28839246e+157,1.54576250e+159
4.60000000e+00,1.10407491e+00,2.33481477e-02,4.60000000e+00,3.45542812e+157,2.33407132e+159
4.60500000e+00,1.10419164e+00,2.33451914e-02,4.60500000e+00,5.21762927e+157,3.52440231e+159
4.61000000e+00,1.10430835e+00,2.33422472e-02,4.61000000e+00,7.87851875e+157,5.32177896e+159
4.61500000e+00,1.10442504e+00,2.33393155e-02,4.61500000e+00,1.18964101e+158,8.03578275e+159
4.62000000e+00,1.10454173e+00,2.33363965e-02,4.62000000e+00,1.79633480e+158,1.21338757e+160
4.62500000e+00,1.10465839e+00,2.33334905e-02,4.62500000e+00,2.71243062e+158,1.83219164e+160
4.63000000e+00,1.10477505e+00,2.33305978e-02,4.63000000e+00,4.09571749e+158,2.76657375e+160
4.63500000e+00,1.10489168e+00,2.33277188e-02,4.63500000e+00,6.18445378e+158,4.17747257e+160
4.64000000e+00,1.10500831e+00,2.33248535e-02,4.64000000e+00,9.33840496e+158,6.30790236e+160
4.64500000e+00,1.10512492e+00,2.33220025e-02,4.64500000e+00,1.41008099e+159,9.52480991e+160
4.65000000e+00,1.10524151e+00,2.33191658e-02,4.65000000e+00,2.12919488e+159,1.43822778e+161
4.65500000e+00,1.10535810e+00,2.33163439e-02,4.65500000e+00,3.21504287e+159,2.17169598e+161
4.66000000e+00,1.10547466e+00,2.33135370e-02,4.66000000e+00,4.85465222e+159,3.27921870e+161
4.66500000e+00,1.10559122e+00,2.33107452e-02,4.66500000e+00,7.33043046e+159,4.95155648e+161
4.67000000e+00,1.10570776e+00,2.33079690e-02,4.67000000e+00,1.10688075e+160,7.47675401e+161
4.67500000e+00,1.10582428e+00,2.33052086e-02,4.67500000e+00,1.67136841e+160,1.12897532e+162
4.68000000e+00,1.10594080e+00,2.33024642e-02,4.68000000e+00,2.52373379e+160,1.70473078e+162
4.68500000e+00,1.10605729e+00,2.32997361e-02,4.68500000e+00,3.81078896e+160,2.57411033e+162
4.69000000e+00,1.10617378e+00,2.32970246e-02,4.69000000e+00,5.75421723e+160,3.88685655e+162
4.69500000e+00,1.10629025e+00,2.32943298e-02,4.69500000e+00,8.68875614e+160,5.86907781e+162
4.70000000e+00,1.10640671e+00,2.32916522e-02,4.70000000e+00,1.31198528e+161,8.86219338e+162
4.70500000e+00,1.10652315e+00,2.32889918e-02,4.70500000e+00,1.98107227e+161,1.33817397e+163
4.71000000e+00,1.10663959e+00,2.32863490e-02,4.71000000e+00,2.99138061e+161,2.02061667e+163
4.71500000e+00,1.10675601e+00,2.32837240e-02,4.71500000e+00,4.51692655e+161,3.05109189e+163
4.72000000e+00,1.10687241e+00,2.32811171e-02,4.72000000e+00,6.82047127e+161,4.60708943e+163
4.72500000e+00,1.10698880e+00,2.32785284e-02,4.72500000e+00,1.02987790e+162,6.95661546e+163
4.73000000e+00,1.10710518e+00,2.32759582e-02,4.73000000e+00,1.55509560e+162,1.05043541e+164
4.73500000e+00,1.10722155e+00,2.32734068e-02,4.73500000e+00,2.34816413e+162,1.58613704e+164
4.74000000e+00,1.10733790e+00,2.32708744e-02,4.74000000e+00,3.54568217e+162,2.39503609e+164
4.74500000e+00,1.10745425e+00,2.32683612e-02,4.74500000e+00,5.35391114e+162,3.61645793e+164
4.75000000e+00,1.10757058e+00,2.32658674e-02,4.75000000e+00,8.08430172e+162,5.46078116e+164
4.75500000e+00,1.10768689e+00,2.32633933e-02,4.75500000e+00,1.22071384e+163,8.24567338e+164
4.76000000e+00,1.10780320e+00,2.32609391e-02,4.76000000e+00,1.84325417e+163,1.24508065e+165
4.76500000e+00,1.10791949e+00,2.32585049e-02,4.76500000e+00,2.78327795e+163,1.88004757e+165
4.77000000e+00,1.10803577e+00,2.32560911e-02,4.77000000e+00,4.20269559e+163,2.83883528e+165
4.77500000e+00,1.10815204e+00,2.32536978e-02,4.77500000e+00,6.34598862e+163,4.28658607e+165
4.78000000e+00,1.10826830e+00,2.32513252e-02,4.78000000e+00,9.58231943e+163,6.47266162e+165
4.78500000e+00,1.10838454e+00,2.32489736e-02,4.78500000e+00,1.44691160e+164,9.77359319e+165
4.79000000e+00,1.10850077e+00,2.32466431e-02,4.79000000e+00,2.18480839e+164,1.47579357e+166
4.79500000e+00,1.10861700e+00,2.32443339e-02,4.79500000e+00,3.29901818e+164,2.22841959e+166
4.80000000e+00,1.10873321e+00,2.32420463e-02,4.80000000e+00,4.98145331e+164,3.36487026e+166
4.80500000e+00,1.10884940e+00,2.32397803e-02,4.80500000e+00,7.52189764e+164,5.08088866e+166
4.81000000e+00,1.10896559e+00,2.32375364e-02,4.81000000e+00,1.13579192e+165,7.67204309e+166
4.81500000e+00,1.10908177e+00,2.32353145e-02,4.81500000e+00,1.71502371e+165,1.15846359e+167
4.82000000e+00,1.10919793e+00,2.32331149e-02,4.82000000e+00,2.58965246e+165,1.74925750e+167
4.82500000e+00,1.10931409e+00,2.32309378e-02,4.82500000e+00,3.91032487e+165,2.64134481e+167
4.83000000e+00,1.10943023e+00,2.32287833e-02,4.83000000e+00,5.90451452e+165,3.98837930e+167
4.83500000e+00,1.10954637e+00,2.32266517e-02,4.83500000e+00,8.91570211e+165,6.02237520e+167
4.84000000e+00,1.10966249e+00,2.32245431e-02,4.84000000e+00,1.34625368e+166,9.09366945e+167
4.84500000e+00,1.10977860e+00,2.32224577e-02,4.84500000e+00,2.03281689e+166,1.37312641e+168
4.85000000e+00,1.10989470e+00,2.32203956e-02,4.85000000e+00,3.06951397e+166,2.07339417e+168
4.85500000e+00,1.11001079e+00,2.32183571e-02,4.85500000e+00,4.63490642e+166,3.13078489e+168
4.86000000e+00,1.11012688e+00,2.32163422e-02,4.86000000e+00,6.99861857e+166,4.72742431e+168
4.86500000e+00,1.11024295e+00,2.32143512e-02,4.86500000e+00,1.05677780e+167,7.13831879e+168
4.87000000e+00,1.11035901e+00,2.32123841e-02,4.87000000e+00,1.59571393e+167,1.07787226e+169
4.87500000e+00,1.11047506e+00,2.32104412e-02,4.87500000e+00,2.40949700e+167,1.62756615e+169
4.88000000e+00,1.11059110e+00,2.32085226e-02,4.88000000e+00,3.63829362e+167,2.45759324e+169
4.88500000e+00,1.11070714e+00,2.32066285e-02,4.88500000e+00,5.49375263e+167,3.71091801e+169
4.89000000e+00,1.11082316e+00,2.32047589e-02,4.89000000e+00,8.29545965e+167,5.60341404e+169
4.89500000e+00,1.11093918e+00,2.32029141e-02,4.89500000e+00,1.25259828e+168,8.46104625e+169
4.90000000e+00,1.11105518e+00,2.32010941e-02,4.90000000e+00,1.89139904e+168,1.27760153e+170
4.90500000e+00,1.11117118e+00,2.31992992e-02,4.90500000e+00,2.85597578e+168,1.92915347e+170
4.91000000e+00,1.11128717e+00,2.31975294e-02,4.91000000e+00,4.31246790e+168,2.91298424e+170
4.91500000e+00,1.11140314e+00,2.31957849e-02,4.91500000e+00,6.51174268e+168,4.39854956e+170
4.92000000e+00,1.11151912e+00,2.31940658e-02,4.92000000e+00,9.83260483e+168,6.64172431e+170
4.92500000e+00,1.11163508e+00,2.31923722e-02,4.92500000e+00,1.48470421e+169,1.00288746e+171
4.93000000e+00,1.11175103e+00,2.31907043e-02,4.93000000e+00,2.24187449e+169,1.51434056e+171
4.93500000e+00,1.11186698e+00,2.31890622e-02,4.93500000e+00,3.38518689e+169,2.28662480e+171
4.94000000e+00,1.11198291e+00,2.31874459e-02,4.94000000e+00,5.11156639e+169,3.45275899e+171
4.94500000e+00,1.11209884e+00,2.31858556e-02,4.94500000e+00,7.71836586e+169,5.21359894e+171
4.95000000e+00,1.11221476e+00,2.31842915e-02,4.95000000e+00,1.16545824e+170,7.87243303e+171
4.95500000e+00,1.11233068e+00,2.31827536e-02,4.95500000e+00,1.75981928e+170,1.18872208e+172
4.96000000e+00,1.11244658e+00,2.31812420e-02,4.96000000e+00,2.65729289e+170,1.79494723e+172
4.96500000e+00,1.11256248e+00,2.31797568e-02,4.96500000e+00,4.01246060e+170,2.71033541e+172
4.97000000e+00,1.11267837e+00,2.31782982e-02,4.97000000e+00,6.05873749e+170,4.09255378e+172
4.97500000e+00,1.11279426e+00,2.31768661e-02,4.97500000e+00,9.14857580e+170,6.17967663e+172
4.98000000e+00,1.11291014e+00,2.31754609e-02,4.98000000e+00,1.38141716e+171,9.33119156e+172
4.98500000e+00,1.11302601e+00,2.31740824e-02,4.98500000e+00,2.08591305e+171,1.40899178e+173
4.99000000e+00,1.11314187e+00,2.31727308e-02,4.99000000e+00,3.14968815e+171,2.12755019e+173
4.99500000e+00,1.11325773e+00,2.31714062e-02,4.99500000e+00,4.75596786e+171,3.21255943e+173
5.00000000e+00,1.11337358e+00,2.31701087e-02,5.00000000e+00,7.18141899e+171,4.85090227e+173
